"folder","package","version","upload_time","label"
"accelerate-0.11.0","accelerate","0.11.0","2022-07-18T12:55:09","benign"
"adafruit-circuitpython-busdevice-5.2.0","adafruit-circuitpython-busdevice","5.2.0","2022-07-26T15:29:41","benign"
"addict-2.4.0","addict","2.4.0","2020-11-21T16:21:29","benign"
"aider_chat-0.86.2","aider_chat","0.86.2","2026-02-12T00:42:52","benign"
"aiobotocore-3.3.0","aiobotocore","3.3.0","2026-03-18T09:58:47","benign"
"aiofiles-0.8.0","aiofiles","0.8.0","2021-11-27T15:05:27","benign"
"aiohttp-3.13.5","aiohttp","3.13.5","2026-03-31T21:56:30","benign"
"aiohttp-4.0.0a1","aiohttp","4.0.0a1","2019-10-09T11:29:30","benign"
"aiohttp-security-0.5.0","aiohttp-security","0.5.0","2023-11-18T20:10:30","benign"
"aiosqlite-0.17.0","aiosqlite","0.17.0","2021-02-22T01:01:07","benign"
"aio_pika-9.6.2","aio_pika","9.6.2","2026-03-22T19:03:19","benign"
"alibabacloud_adb20211201-3.7.1","alibabacloud_adb20211201","3.7.1","2026-01-06T18:41:21","benign"
"alibabacloud_endpoint_util-0.0.3","alibabacloud_endpoint_util","0.0.3","2020-09-16T07:27:42","benign"
"aliyun-python-sdk-core-2.13.36","aliyun-python-sdk-core","2.13.36","2022-02-07T09:10:20","benign"
"ansimarkup-2.2.0","ansimarkup","2.2.0","2026-02-04T21:48:03","benign"
"anyio-3.6.1","anyio","3.6.1","2022-05-13T12:50:47","benign"
"apache_airflow_providers_apache_livy-4.5.3","apache_airflow_providers_apache_livy","4.5.3","2026-02-02T15:36:32","benign"
"apache_airflow_providers_apprise-2.3.1","apache_airflow_providers_apprise","2.3.1","2026-01-17T10:46:21","benign"
"apache_airflow_providers_cncf_kubernetes-4.2.0rc1","apache_airflow_providers_cncf_kubernetes","4.2.0rc1","2022-07-13T20:57:50","benign"
"apache_airflow_providers_teradata-3.5.0","apache_airflow_providers_teradata","3.5.0","2026-03-02T21:01:36","benign"
"APScheduler-3.9.1","APScheduler","3.9.1","2022-02-27T16:06:31","benign"
"argon2_cffi-21.3.0","argon2_cffi","21.3.0","2021-12-11T11:47:48","benign"
"arrow-1.4.0","arrow","1.4.0","2025-10-18T17:46:45","benign"
"asn1crypto-1.5.1","asn1crypto","1.5.1","2022-03-15T14:46:51","benign"
"astroquery-0.4.7.dev7946","astroquery","0.4.7.dev7946","2022-07-27T22:20:02","benign"
"asttokens-2.0.5","asttokens","2.0.5","2021-04-19T15:38:24","benign"
"attrs-26.1.0","attrs","26.1.0","2026-03-19T14:22:23","benign"
"autopage-0.5.1","autopage","0.5.1","2022-05-27T14:51:03","benign"
"aws_cdk.aws_events-1.166.1","aws_cdk.aws_events","1.166.1","2022-07-29T18:00:46","benign"
"aws_cdk.aws_s3-1.166.1","aws_cdk.aws_s3","1.166.1","2022-07-29T18:03:08","benign"
"aws_cdk_lib-2.34.2","aws_cdk_lib","2.34.2","2022-07-30T01:14:22","benign"
"azure-storage-blob-12.28.0","azure-storage-blob","12.28.0","2026-01-06T23:48:58","benign"
"azure_cli_command_modules_nspkg-2.0.3","azure_cli_command_modules_nspkg","2.0.3","2019-07-02T20:19:28","benign"
"azure_cosmosdb_nspkg-2.0.2","azure_cosmosdb_nspkg","2.0.2","2017-10-05T01:51:53","benign"
"azure_mgmt_media-10.2.1","azure_mgmt_media","10.2.1","2025-06-03T07:09:09","benign"
"Babel-2.10.3","Babel","2.10.3","2022-06-16T06:31:20","benign"
"backports.csv-1.0.7","backports.csv","1.0.7","2019-03-11T03:05:31","benign"
"backports.tempfile-1.0rc1","backports.tempfile","1.0rc1","2016-03-10T00:35:51","benign"
"backports.zoneinfo-0.2.1","backports.zoneinfo","0.2.1","2020-06-23T13:51:18","benign"
"bcrypt-5.0.0","bcrypt","5.0.0","2025-09-25T19:49:05","benign"
"behave-1.2.6","behave","1.2.6","2018-02-25T20:06:34","benign"
"bidict-0.22.0","bidict","0.22.0","2022-03-23T22:21:10","benign"
"billiard-4.0.1","billiard","4.0.1","2022-08-01T08:13:45","benign"
"bitarray-2.6.0","bitarray","2.6.0","2022-07-19T06:36:02","benign"
"black-22.6.0","black","22.6.0","2022-06-28T02:24:58","benign"
"black-26.3.1","black","26.3.1","2026-03-12T03:39:58","benign"
"blessings-1.7","blessings","1.7","2018-06-21T14:00:07","benign"
"boto3-1.43.0","boto3","1.43.0","2026-04-29T22:07:46","benign"
"boto3_stubs-1.24.42","boto3_stubs","1.24.42","2022-07-30T20:28:45","benign"
"Bottleneck-1.3.5rc2","Bottleneck","1.3.5rc2","2022-07-02T18:29:27","benign"
"boxsdk-3.4.0","boxsdk","3.4.0","2022-07-06T16:03:33","benign"
"build-0.8.0","build","0.8.0","2022-05-22T15:10:32","benign"
"bullet-2.2.0","bullet","2.2.0","2020-08-14T05:01:47","benign"
"bump2version-1.0.1","bump2version","1.0.1","2020-10-07T18:38:38","benign"
"cachetools-5.2.0","cachetools","5.2.0","2022-05-29T20:53:04","benign"
"cattrs-26.1.0","cattrs","26.1.0","2026-02-18T22:15:17","benign"
"celery-5.6.3","celery","5.6.3","2026-03-26T12:14:49","benign"
"certbot_dns_duckdns-1.8.0","certbot_dns_duckdns","1.8.0","2026-02-01T19:43:13","benign"
"certipy-0.1.3","certipy","0.1.3","2019-03-18T17:31:09","benign"
"cfn_lint-0.61.4","cfn_lint","0.61.4","2022-07-29T16:14:57","benign"
"chameleon-4.6.0","chameleon","4.6.0","2024-12-31T11:19:59","benign"
"chevron-0.14.0","chevron","0.14.0","2021-01-02T22:47:57","benign"
"clang-14.0","clang","14.0","2022-02-12T17:56:58","benign"
"click-8.1.3","click","8.1.3","2022-04-28T17:36:06","benign"
"click-8.3.3","click","8.3.3","2026-04-22T15:11:25","benign"
"click-completion-0.5.2","click-completion","0.5.2","2019-10-15T16:21:42","benign"
"click_help_colors-0.9.1","click_help_colors","0.9.1","2021-07-11T11:59:14","benign"
"clikit-0.6.2","clikit","0.6.2","2020-06-09T20:17:17","benign"
"cloudpickle-2.1.0","cloudpickle","2.1.0","2022-05-20T15:36:32","benign"
"cloudscraper-1.2.60","cloudscraper","1.2.60","2022-03-15T12:33:17","benign"
"colcon-argcomplete-0.3.3","colcon-argcomplete","0.3.3","2019-07-16T22:29:06","benign"
"colorlog-6.10.1","colorlog","6.10.1","2025-10-16T16:14:10","benign"
"commonmark-0.9.1","commonmark","0.9.1","2019-10-04T15:37:37","benign"
"ConfigArgParse-1.5.3","ConfigArgParse","1.5.3","2021-10-03T00:17:22","benign"
"configparser-5.2.0","configparser","5.2.0","2021-12-03T17:56:00","benign"
"configparser-7.2.0","configparser","7.2.0","2025-03-08T16:04:07","benign"
"constructs-10.1.64","constructs","10.1.64","2022-08-02T00:09:33","benign"
"crowdsourcehinter_xblock-1.0.0","crowdsourcehinter_xblock","1.0.0","2026-03-13T16:59:09","benign"
"cryptography-47.0.0","cryptography","47.0.0","2026-04-24T19:53:03","benign"
"cycode-3.12.0","cycode","3.12.0","2026-03-23T11:46:41","benign"
"dacite-1.6.0","dacite","1.6.0","2020-11-30T09:08:05","benign"
"dask-2022.7.1","dask","2022.7.1","2022-07-22T21:10:13","benign"
"databricks_api-0.8.0","databricks_api","0.8.0","2022-06-17T21:40:00","benign"
"dataclasses-json-0.6.7","dataclasses-json","0.6.7","2024-06-09T16:20:16","benign"
"datasette-0.62a1","datasette","0.62a1","2022-07-18T01:16:53","benign"
"dateparser-1.1.1","dateparser","1.1.1","2022-03-17T15:43:01","benign"
"dbt_core-1.3.0b1","dbt_core","1.3.0b1","2022-07-29T16:23:37","benign"
"dbt_extractor-0.4.1","dbt_extractor","0.4.1","2022-03-17T20:24:21","benign"
"dbt_meshify-0.5.5","dbt_meshify","0.5.5","2024-07-11T15:04:37","benign"
"dbt_snowflake-1.3.0b1","dbt_snowflake","1.3.0b1","2022-07-29T18:33:51","benign"
"decorator-5.1.1","decorator","5.1.1","2022-01-07T08:20:03","benign"
"decouple-0.0.7","decouple","0.0.7","2019-12-25T15:01:39","benign"
"deepdiff-5.8.1","deepdiff","5.8.1","2022-05-13T06:43:50","benign"
"delta_spark-2.0.0rc1","delta_spark","2.0.0rc1","2022-06-28T05:05:08","benign"
"Deprecated-1.2.13","Deprecated","1.2.13","2021-09-05T11:13:17","benign"
"descartes-1.1.0","descartes","1.1.0","2017-01-17T15:37:01","benign"
"disjoint_set-0.9.0","disjoint_set","0.9.0","2026-02-21T15:05:43","benign"
"Django-4.1a1","Django","4.1a1","2022-05-18T05:54:32","benign"
"django-6.0.4","django","6.0.4","2026-04-07T13:55:37","benign"
"django-memoize-2.3.1","django-memoize","2.3.1","2020-04-27T06:47:14","benign"
"django_axes-8.3.1","django_axes","8.3.1","2026-02-11T20:19:48","benign"
"django_snowflake-6.0","django_snowflake","6.0","2025-12-06T01:01:09","benign"
"dnspython-2.2.1","dnspython","2.2.1","2022-03-06T23:36:12","benign"
"dotted_dict-1.1.3","dotted_dict","1.1.3","2020-04-08T20:45:56","benign"
"duo_client-5.6.1","duo_client","5.6.1","2026-02-26T16:38:51","benign"
"einops-0.4.1","einops","0.4.1","2022-03-04T09:32:08","benign"
"entrypoints-0.4","entrypoints","0.4","2022-02-02T21:30:26","benign"
"enum34-1.1.10","enum34","1.1.10","2020-03-10T17:47:58","benign"
"escapism-1.0.1","escapism","1.0.1","2020-04-30T10:54:17","benign"
"eth_utils-2.0.0a0","eth_utils","2.0.0a0","2018-09-17T21:38:24","benign"
"fabric-3.2.3","fabric","3.2.3","2026-04-06T00:00:10","benign"
"fastapi-0.136.1","fastapi","0.136.1","2026-04-23T16:49:42","benign"
"fastjsonschema-2.16.1","fastjsonschema","2.16.1","2022-07-17T07:51:53","benign"
"featuretools-1.31.0","featuretools","1.31.0","2024-05-14T18:59:58","benign"
"ffmpeg_python-0.2.0","ffmpeg_python","0.2.0","2019-07-06T00:19:07","benign"
"file-magic-0.4.1","file-magic","0.4.1","2022-09-01T12:13:31","benign"
"flake8-7.3.0","flake8","7.3.0","2025-06-20T19:31:34","benign"
"flake8-quotes-3.3.1","flake8-quotes","3.3.1","2021-10-19T07:07:05","benign"
"flake8_2020-1.8.1","flake8_2020","1.8.1","2023-06-10T19:05:09","benign"
"flaky-3.7.0","flaky","3.7.0","2020-07-08T21:32:31","benign"
"flask-3.1.3","flask","3.1.3","2026-02-19T05:00:56","benign"
"flask-oidc-1.4.0","flask-oidc","1.4.0","2018-04-12T18:38:57","benign"
"Flask-SeaSurf-2.0.0","Flask-SeaSurf","2.0.0","2024-07-29T14:05:16","benign"
"Flask_AppBuilder-4.1.3rc1","Flask_AppBuilder","4.1.3rc1","2022-07-05T15:58:56","benign"
"Flask_Caching-2.0.1","Flask_Caching","2.0.1","2022-07-30T15:20:50","benign"
"Flask_Cors-3.0.10","Flask_Cors","3.0.10","2021-01-06T00:25:41","benign"
"Flask_JWT_Extended-4.4.3","Flask_JWT_Extended","4.4.3","2022-07-27T21:44:59","benign"
"Flask_Login-0.6.2","Flask_Login","0.6.2","2022-07-25T15:15:49","benign"
"flask_restplus-0.13.0","flask_restplus","0.13.0","2019-08-12T21:51:40","benign"
"flatbuffers-2.0","flatbuffers","2.0","2021-05-10T19:55:09","benign"
"flatten_json-0.1.14","flatten_json","0.1.14","2023-10-27T17:20:40","benign"
"flup-1.0.3","flup","1.0.3","2018-02-07T21:55:36","benign"
"folium-0.12.1.post1","folium","0.12.1.post1","2021-11-22T17:22:38","benign"
"freezegun-1.2.1","freezegun","1.2.1","2022-03-18T09:06:37","benign"
"frictionless-5.18.1","frictionless","5.18.1","2025-03-25T21:32:45","benign"
"frozenlist-1.3.0a0","frozenlist","1.3.0a0","2022-01-18T14:44:45","benign"
"furl-2.1.3","furl","2.1.3","2021-09-27T21:31:14","benign"
"fuzzywuzzy-0.18.0","fuzzywuzzy","0.18.0","2020-02-13T21:06:25","benign"
"genshi-0.7.10","genshi","0.7.10","2025-11-30T20:28:00","benign"
"geoip2-4.6.0","geoip2","4.6.0","2022-06-21T16:18:49","benign"
"geopandas-0.11.1","geopandas","0.11.1","2022-07-24T11:19:14","benign"
"geopy-2.2.0","geopy","2.2.0","2021-07-11T12:15:26","benign"
"gitdb-4.0.9","gitdb","4.0.9","2021-10-24T13:40:41","benign"
"glom-25.12.0","glom","25.12.0","2025-12-29T06:29:06","benign"
"google-cloud-storage-3.10.1","google-cloud-storage","3.10.1","2026-03-23T09:35:21","benign"
"google-crc32c-1.3.0","google-crc32c","1.3.0","2021-10-05T22:43:11","benign"
"google_api_python_client-2.55.0","google_api_python_client","2.55.0","2022-07-26T16:31:30","benign"
"google_auth_oauthlib-0.5.2","google_auth_oauthlib","0.5.2","2022-06-09T15:20:12","benign"
"google_cloud_appengine_logging-1.1.3","google_cloud_appengine_logging","1.1.3","2022-07-18T13:26:50","benign"
"google_cloud_audit_log-0.2.3","google_cloud_audit_log","0.2.3","2022-07-18T13:25:48","benign"
"google_cloud_bigtable-2.10.1","google_cloud_bigtable","2.10.1","2022-06-15T16:19:05","benign"
"google_cloud_dlp-3.8.0","google_cloud_dlp","3.8.0","2022-07-18T13:13:16","benign"
"google_cloud_modelarmor-0.4.0","google_cloud_modelarmor","0.4.0","2026-01-15T13:03:14","benign"
"google_cloud_monitoring-2.10.1","google_cloud_monitoring","2.10.1","2022-07-14T14:11:58","benign"
"google_cloud_spanner-3.17.0","google_cloud_spanner","3.17.0","2022-07-20T10:40:39","benign"
"google_cloud_vision-3.0.0","google_cloud_vision","3.0.0","2022-07-18T16:12:27","benign"
"google_pasta-0.2.0","google_pasta","0.2.0","2020-03-13T18:57:47","benign"
"gql-3.4.0","gql","3.4.0","2022-07-14T15:32:28","benign"
"graphframes-0.6","graphframes","0.6","2018-12-05T06:02:32","benign"
"gremlinpython-3.6.1","gremlinpython","3.6.1","2022-07-26T20:16:07","benign"
"gt4py-1.1.7","gt4py","1.1.7","2026-03-11T16:53:53","benign"
"hatch_build_scripts-1.0.0","hatch_build_scripts","1.0.0","2025-05-29T07:59:17","benign"
"hpack-4.0.0","hpack","4.0.0","2020-08-30T10:35:56","benign"
"httplib2-0.20.4","httplib2","0.20.4","2022-02-03T00:00:29","benign"
"httpretty-1.1.4","httpretty","1.1.4","2021-08-16T19:35:31","benign"
"httpx-0.28.1","httpx","0.28.1","2024-12-06T15:37:21","benign"
"huggingface_hub-0.8.1","huggingface_hub","0.8.1","2022-06-21T15:21:13","benign"
"humanfriendly-10.0","humanfriendly","10.0","2021-09-17T21:40:39","benign"
"humanize-4.15.0","humanize","4.15.0","2025-12-20T20:16:11","benign"
"hvac-0.11.2","hvac","0.11.2","2021-09-23T17:47:10","benign"
"hydra_slayer-0.4.0","hydra_slayer","0.4.0","2021-11-21T08:19:22","benign"
"hypothesis-6.53.0","hypothesis","6.53.0","2022-07-25T09:32:16","benign"
"imageio-2.37.3","imageio","2.37.3","2026-03-09T11:31:10","benign"
"imagekitio-5.2.0","imagekitio","5.2.0","2026-02-02T05:28:18","benign"
"imgaug-0.4.0","imgaug","0.4.0","2020-02-05T20:54:22","benign"
"inflect-6.0.0","inflect","6.0.0","2022-07-30T19:31:25","benign"
"inflection-0.5.1","inflection","0.5.1","2020-08-22T08:16:27","benign"
"iptools-0.7.0","iptools","0.7.0","2019-01-07T05:00:22","benign"
"isodate-0.6.1","isodate","0.6.1","2021-12-13T20:28:29","benign"
"iterable_io-1.0.1","iterable_io","1.0.1","2026-01-08T04:58:18","benign"
"itsdangerous-2.2.0","itsdangerous","2.2.0","2024-04-16T21:28:14","benign"
"jaraco.functools-3.5.1","jaraco.functools","3.5.1","2022-07-14T05:18:17","benign"
"jellyfish-0.9.0","jellyfish","0.9.0","2022-01-07T20:20:43","benign"
"jieba-0.42.1","jieba","0.42.1","2020-01-20T14:27:23","benign"
"jinja2-3.1.6","jinja2","3.1.6","2025-03-05T20:05:00","benign"
"joblib-1.1.0a0","joblib","1.1.0a0","2021-10-07T14:14:37","benign"
"jsmin-3.0.1","jsmin","3.0.1","2022-01-16T20:35:59","benign"
"jsonfield-3.1.0","jsonfield","3.1.0","2020-02-22T08:42:29","benign"
"jstyleson-0.0.2","jstyleson","0.0.2","2016-06-21T14:38:54","benign"
"jupyterlab_server-2.15.0","jupyterlab_server","2.15.0","2022-07-05T21:39:42","benign"
"jwt-1.4.0","jwt","1.4.0","2025-06-23T13:28:37","benign"
"kafka_python-2.0.2","kafka_python","2.0.2","2020-09-30T07:24:01","benign"
"keboola_component-1.9.4","keboola_component","1.9.4","2026-03-06T09:54:59","benign"
"Keras_Preprocessing-1.1.2","Keras_Preprocessing","1.1.2","2020-05-14T03:53:47","benign"
"keyring-23.7.0","keyring","23.7.0","2022-07-14T06:39:26","benign"
"kfp-server-api-2.0.0a3","kfp-server-api","2.0.0a3","2022-07-13T19:53:59","benign"
"kim_property-2.6.14","kim_property","2.6.14","2026-02-16T01:48:18","benign"
"kmodes-0.12.2","kmodes","0.12.2","2022-09-06T19:36:34","benign"
"korean_lunar_calendar-0.3.1","korean_lunar_calendar","0.3.1","2022-09-16T10:53:23","benign"
"llama_index_readers_confluence-0.7.0","llama_index_readers_confluence","0.7.0","2026-03-12T20:33:42","benign"
"lmfit-1.0.3","lmfit","1.0.3","2021-10-14T19:53:01","benign"
"lm_dataformat-0.0.20","lm_dataformat","0.0.20","2021-08-29T18:06:58","benign"
"locket-1.0.0","locket","1.0.0","2022-04-20T22:04:42","benign"
"loguru-0.7.3","loguru","0.7.3","2024-12-06T11:20:54","benign"
"mako-1.3.12","mako","1.3.12","2026-04-28T19:01:10","benign"
"Markdown-3.4.1","Markdown","3.4.1","2022-07-15T19:15:37","benign"
"marshmallow-4.3.0","marshmallow","4.3.0","2026-04-03T21:46:31","benign"
"mcp_use-1.7.0","mcp_use","1.7.0","2026-03-17T13:43:25","benign"
"mdformat_myst-0.3.0","mdformat_myst","0.3.0","2025-11-27T18:52:25","benign"
"memory_profiler-0.60.0","memory_profiler","0.60.0","2021-12-18T13:42:24","benign"
"miniopy_async-1.23.4","miniopy_async","1.23.4","2025-09-17T12:27:48","benign"
"mistune-3.0.0a3","mistune","3.0.0a3","2022-07-14T06:00:39","benign"
"mkdocstrings-0.19.0","mkdocstrings","0.19.0","2022-05-28T15:55:53","benign"
"mkdocs_htmlproofer_plugin-1.5.0","mkdocs_htmlproofer_plugin","1.5.0","2026-02-23T15:20:45","benign"
"mlxtend-0.20.0","mlxtend","0.20.0","2022-05-27T02:03:51","benign"
"motor-3.0.0","motor","3.0.0","2022-04-28T18:25:13","benign"
"mozlog-8.1.0","mozlog","8.1.0","2026-03-23T11:14:38","benign"
"multidict-6.0.2","multidict","6.0.2","2022-01-24T16:56:02","benign"
"mypy-1.20.2","mypy","1.20.2","2026-04-21T17:06:14","benign"
"mypy_boto3_kinesis_video_signaling-1.42.3","mypy_boto3_kinesis_video_signaling","1.42.3","2025-12-04T21:05:00","benign"
"mypy_boto3_mwaa-1.42.3","mypy_boto3_mwaa","1.42.3","2025-12-04T21:07:53","benign"
"mypy_boto3_ram-1.42.59","mypy_boto3_ram","1.42.59","2026-02-27T20:47:09","benign"
"myst_nb-0.16.0","myst_nb","0.16.0","2022-06-13T17:29:37","benign"
"napari-0.4.16rc7","napari","0.4.16rc7","2022-05-31T09:05:59","benign"
"nbdev_pytorch-0.0.2385","nbdev_pytorch","0.0.2385","2026-02-09T01:42:37","benign"
"nbval-0.9.6","nbval","0.9.6","2020-07-30T10:58:32","benign"
"networkx-2.8.5","networkx","2.8.5","2022-07-18T21:24:59","benign"
"nibabel-4.0.1","nibabel","4.0.1","2022-06-18T17:11:31","benign"
"nodeenv-1.7.0","nodeenv","1.7.0","2022-06-25T15:38:17","benign"
"nose2-0.12.0","nose2","0.12.0","2022-07-16T16:38:56","benign"
"opencensus_ext_azure-1.1.5","opencensus_ext_azure","1.1.5","2022-07-05T18:07:09","benign"
"opentelemetry_api-1.12.0rc2","opentelemetry_api","1.12.0rc2","2022-07-04T13:31:40","benign"
"opentelemetry_instrumentation_pymemcache-0.61b0","opentelemetry_instrumentation_pymemcache","0.61b0","2026-03-04T14:19:43","benign"
"opentelemetry_sdk-1.12.0rc2","opentelemetry_sdk","1.12.0rc2","2022-07-04T13:32:05","benign"
"oslo.log-5.0.0","oslo.log","5.0.0","2022-05-19T09:48:21","benign"
"oslo.serialization-5.0.0","oslo.serialization","5.0.0","2022-07-12T09:21:44","benign"
"oslo.utils-6.0.0","oslo.utils","6.0.0","2022-06-23T09:41:08","benign"
"oss2-2.16.0","oss2","2.16.0","2022-07-20T09:47:48","benign"
"packaging-21.3","packaging","21.3","2021-11-18T00:39:10","benign"
"parameterized-0.8.1","parameterized","0.8.1","2021-01-09T20:35:16","benign"
"paramiko-4.0.0","paramiko","4.0.0","2025-08-04T01:02:02","benign"
"passlib-1.7.4","passlib","1.7.4","2020-10-08T19:00:49","benign"
"path.py-12.5.0","path.py","12.5.0","2020-07-27T23:53:37","benign"
"peewee-4.0.5","peewee","4.0.5","2026-04-23T21:17:28","benign"
"pelican-4.8.0","pelican","4.8.0","2022-07-11T17:51:09","benign"
"pendulum-3.2.0","pendulum","3.2.0","2026-01-30T11:20:36","benign"
"pg8000-1.29.1","pg8000","1.29.1","2022-05-23T00:22:18","benign"
"Pint-0.19.2","Pint","0.19.2","2022-04-23T16:12:31","benign"
"pip_tools-6.8.0","pip_tools","6.8.0","2022-06-30T09:26:49","benign"
"plac-1.3.5","plac","1.3.5","2022-03-30T11:54:53","benign"
"plumbum-1.7.2","plumbum","1.7.2","2021-12-23T19:58:48","benign"
"ply-3.11","ply","3.11","2018-02-15T19:01:27","benign"
"prettytable-3.3.0","prettytable","3.3.0","2022-05-05T15:21:28","benign"
"proto_plus-1.21.0b1","proto_plus","1.21.0b1","2022-07-05T15:44:35","benign"
"psd-tools-1.9.21","psd-tools","1.9.21","2022-06-18T15:02:06","benign"
"psycopg2-binary-2.9.12","psycopg2-binary","2.9.12","2026-04-20T23:33:31","benign"
"PuLP-2.6.0","PuLP","2.6.0","2021-12-04T21:59:58","benign"
"pure_eval-0.2.2","pure_eval","0.2.2","2022-01-22T15:41:27","benign"
"py-1.11.0","py","1.11.0","2021-11-04T17:17:00","benign"
"py-cpuinfo-8.0.0","py-cpuinfo","8.0.0","2021-04-14T16:53:43","benign"
"pyad-0.6.0","pyad","0.6.0","2019-04-04T20:38:33","benign"
"pyangbind-0.8.7","pyangbind","0.8.7","2025-12-10T21:51:39","benign"
"pybind11-2.10.0","pybind11","2.10.0","2022-07-16T02:35:40","benign"
"pycel-1.0b30","pycel","1.0b30","2021-10-13T18:37:05","benign"
"pycparser-2.21","pycparser","2.21","2021-11-06T12:50:13","benign"
"pydantic-2.13.3","pydantic","2.13.3","2026-04-20T14:46:41","benign"
"pydata_sphinx_theme-0.16.1","pydata_sphinx_theme","0.16.1","2024-12-17T10:53:35","benign"
"pydeequ-1.0.1","pydeequ","1.0.1","2021-07-29T18:22:41","benign"
"pygeohash-1.2.0","pygeohash","1.2.0","2016-04-05T15:59:51","benign"
"PyInquirer-1.0.3","PyInquirer","1.0.3","2018-11-22T19:22:15","benign"
"pykdtree-1.4.3","pykdtree","1.4.3","2025-08-06T11:10:46","benign"
"pylint-4.0.5","pylint","4.0.5","2026-02-20T09:07:31","benign"
"pymongo-4.17.0","pymongo","4.17.0","2026-04-20T16:37:20","benign"
"pymssql-2.2.5","pymssql","2.2.5","2022-04-13T19:15:05","benign"
"PyMuPDF-1.20.1","PyMuPDF","1.20.1","2022-06-27T16:12:05","benign"
"pymysql-1.1.2","pymysql","1.1.2","2025-08-24T12:55:53","benign"
"pyobjc_framework_dvdplayback-12.1","pyobjc_framework_dvdplayback","12.1","2025-11-14T09:48:11","benign"
"pyodbc-4.0.34","pyodbc","4.0.34","2022-07-14T20:40:25","benign"
"pypandoc-1.8.1","pypandoc","1.8.1","2022-05-23T01:37:16","benign"
"pyparsing-3.0.9","pyparsing","3.0.9","2022-05-10T23:26:03","benign"
"pyperclip-1.8.2","pyperclip","1.8.2","2021-02-21T01:04:55","benign"
"pyqrcode-1.2.1","pyqrcode","1.2.1","2016-06-20T03:28:03","benign"
"pyquery-1.4.3","pyquery","1.4.3","2020-11-21T09:17:43","benign"
"pyravendb-5.0.0.5","pyravendb","5.0.0.5","2022-05-06T07:23:54","benign"
"pyre_extensions-0.0.32","pyre_extensions","0.0.32","2024-11-22T19:26:42","benign"
"pyrsistent-0.18.1","pyrsistent","0.18.1","2022-01-14T19:55:29","benign"
"pyscreeze-1.0.1","pyscreeze","1.0.1","2024-08-20T23:03:07","benign"
"pyserial-3.5b0","pyserial","3.5b0","2020-09-21T01:26:30","benign"
"pystache-0.6.0","pystache","0.6.0","2021-12-08T14:57:37","benign"
"pystan-3.5.0","pystan","3.5.0","2022-07-04T12:59:41","benign"
"pytest-9.0.3","pytest","9.0.3","2026-04-07T17:16:16","benign"
"pytest-dotenv-0.5.2","pytest-dotenv","0.5.2","2020-06-16T12:38:01","benign"
"pytest_asyncio-0.19.0","pytest_asyncio","0.19.0","2022-07-15T08:25:11","benign"
"pytest_checkdocs-2.7.1","pytest_checkdocs","2.7.1","2021-07-31T03:44:14","benign"
"pytest_rerunfailures-10.2","pytest_rerunfailures","10.2","2021-09-17T06:08:24","benign"
"python-docx-0.8.11","python-docx","0.8.11","2021-05-15T22:18:24","benign"
"python-Levenshtein-0.12.2","python-Levenshtein","0.12.2","2021-02-01T13:03:13","benign"
"python_decouple-3.6","python_decouple","3.6","2022-02-02T19:25:29","benign"
"python_jose-3.3.0","python_jose","3.3.0","2021-06-05T03:30:38","benign"
"python_json_logger-2.0.4","python_json_logger","2.0.4","2022-07-11T14:08:04","benign"
"python_keystoneclient-5.0.0","python_keystoneclient","5.0.0","2022-07-15T08:17:58","benign"
"python_novaclient-18.0.0","python_novaclient","18.0.0","2022-05-20T20:25:30","benign"
"pytz-2022.1","pytz","2022.1","2022-03-20T00:37:06","benign"
"pytz-2026.1.post1","pytz","2026.1.post1","2026-03-03T07:47:49","benign"
"pyyaml-6.0.3","pyyaml","6.0.3","2025-09-25T21:31:46","benign"
"quarto-0.1.0","quarto","0.1.0","2021-02-03T21:53:10","benign"
"querystring_parser-1.2.4","querystring_parser","1.2.4","2020-10-21T22:33:33","benign"
"ratelimit-2.2.1","ratelimit","2.2.1","2018-12-17T18:55:49","benign"
"readme_renderer-35.0","readme_renderer","35.0","2022-04-19T17:32:01","benign"
"realesrgan-0.3.0","realesrgan","0.3.0","2022-09-20T11:49:54","benign"
"redis-7.4.0","redis","7.4.0","2026-03-24T09:14:35","benign"
"redis-dump-load-1.1","redis-dump-load","1.1","2016-09-10T02:12:18","benign"
"regex-2022.7.25","regex","2022.7.25","2022-07-25T14:30:04","benign"
"reorder_python_imports-3.16.0","reorder_python_imports","3.16.0","2025-10-09T19:25:07","benign"
"requests_aws4auth-1.1.2","requests_aws4auth","1.1.2","2022-03-24T16:23:54","benign"
"requests_futures-1.0.0","requests_futures","1.0.0","2021-09-29T00:23:32","benign"
"requests_html-0.10.0","requests_html","0.10.0","2019-02-17T20:14:17","benign"
"requests_oauthlib-1.3.1","requests_oauthlib","1.3.1","2022-01-29T18:52:22","benign"
"rich-15.0.0","rich","15.0.0","2026-04-12T08:24:02","benign"
"rnet-2.4.2","rnet","2.4.2","2025-08-02T23:25:24","benign"
"robotframework-sshlibrary-3.8.0","robotframework-sshlibrary","3.8.0","2021-11-18T10:02:12","benign"
"rope-1.3.0","rope","1.3.0","2022-07-29T12:57:24","benign"
"rsinstrument-1.124.0","rsinstrument","1.124.0","2026-02-10T09:07:41","benign"
"rtslib_fb-2.2.4","rtslib_fb","2.2.4","2026-03-04T07:41:39","benign"
"rumdl-0.1.59","rumdl","0.1.59","2026-03-24T11:02:31","benign"
"s3fs-2022.7.1","s3fs","2022.7.1","2022-07-29T00:54:20","benign"
"schema-0.7.5","schema","0.7.5","2021-12-01T20:49:21","benign"
"scikit-image-0.26.0","scikit-image","0.26.0","2025-12-20T17:10:31","benign"
"scooby-0.11.0","scooby","0.11.0","2025-11-01T19:22:53","benign"
"sendgrid-6.9.7","sendgrid","6.9.7","2022-03-09T20:26:08","benign"
"sentry_sdk-1.9.0","sentry_sdk","1.9.0","2022-07-28T11:28:03","benign"
"setuptools-63.3.0","setuptools","63.3.0","2022-08-01T01:30:55","benign"
"setuptools_git-1.2","setuptools_git","1.2","2017-02-18T00:31:15","benign"
"sgp4-2.25","sgp4","2.25","2025-08-04T18:01:39","benign"
"shap-0.41.0","shap","0.41.0","2022-06-16T00:43:28","benign"
"shortuuid-1.0.9","shortuuid","1.0.9","2022-05-08T09:57:42","benign"
"shortzy-0.0.8","shortzy","0.0.8","2023-07-06T16:37:25","benign"
"singer-python-5.12.2","singer-python","5.12.2","2021-09-08T17:37:08","benign"
"singledispatch-3.7.0","singledispatch","3.7.0","2021-08-14T02:38:20","benign"
"sklearn-0.0","sklearn","0.0","2015-07-15T14:17:46","benign"
"sklearndf-2.4.2","sklearndf","2.4.2","2025-09-03T14:50:02","benign"
"slack_sdk-3.18.1","slack_sdk","3.18.1","2022-07-25T04:51:38","benign"
"slicer-0.0.7","slicer","0.0.7","2020-12-16T02:38:00","benign"
"smbus2-0.6.0","smbus2","0.6.0","2025-12-20T09:02:51","benign"
"smdebug_rulesconfig-1.0.1","smdebug_rulesconfig","1.0.1","2020-12-18T23:54:51","benign"
"sniffio-1.2.0","sniffio","1.2.0","2020-10-11T18:25:36","benign"
"soupsieve-2.3.2.post1","soupsieve","2.3.2.post1","2022-04-14T12:57:59","benign"
"sox-1.5.0","sox","1.5.0","2024-03-20T16:59:37","benign"
"spectree-2.0.1","spectree","2.0.1","2025-12-16T01:38:51","benign"
"sphinxcontrib_bibtex-2.4.2","sphinxcontrib_bibtex","2.4.2","2022-04-10T18:57:18","benign"
"sphinxcontrib_htmlhelp-2.0.0","sphinxcontrib_htmlhelp","2.0.0","2021-05-22T16:02:11","benign"
"sphinxcontrib_qthelp-1.0.3","sphinxcontrib_qthelp","1.0.3","2020-02-29T04:19:08","benign"
"sphinxcontrib_websupport-1.2.4","sphinxcontrib_websupport","1.2.4","2020-08-09T15:35:26","benign"
"sphinx_argparse-0.3.1","sphinx_argparse","0.3.1","2021-09-06T20:01:55","benign"
"sphinx_automodapi-0.14.1","sphinx_automodapi","0.14.1","2022-01-12T18:23:46","benign"
"sphinx_bootstrap_theme-0.8.1","sphinx_bootstrap_theme","0.8.1","2022-02-03T20:27:24","benign"
"sphinx_last_updated_by_git-0.3.8","sphinx_last_updated_by_git","0.3.8","2024-08-11T07:15:53","benign"
"sqlalchemy-2.0.49","sqlalchemy","2.0.49","2026-04-03T16:50:11","benign"
"sqlalchemy_redshift-0.8.11","sqlalchemy_redshift","0.8.11","2022-07-27T20:21:15","benign"
"sqlglotc-30.0.3","sqlglotc","30.0.3","2026-03-19T16:50:00","benign"
"sshtunnel-0.4.0","sshtunnel","0.4.0","2021-01-11T13:26:29","benign"
"statsd-3.3.0","statsd","3.3.0","2018-08-22T14:19:48","benign"
"streamlit-autorefresh-1.0.1","streamlit-autorefresh","1.0.1","2023-06-25T18:58:33","benign"
"streamlit-camera-input-live-0.2.0","streamlit-camera-input-live","0.2.0","2022-09-27T16:09:29","benign"
"strictyaml-1.6.1","strictyaml","1.6.1","2021-11-28T18:09:04","benign"
"structlog-25.5.0","structlog","25.5.0","2025-10-27T08:28:21","benign"
"supabase_functions-2.28.3","supabase_functions","2.28.3","2026-03-20T14:38:15","benign"
"tabulate-0.8.10","tabulate","0.8.10","2022-06-21T16:26:40","benign"
"teradata-15.10.0.21","teradata","15.10.0.21","2017-04-29T22:12:29","benign"
"termcolor-1.1.0","termcolor","1.1.0","2011-01-13T18:45:33","benign"
"termcolor-3.3.0","termcolor","3.3.0","2025-12-29T12:55:20","benign"
"TestSlide-2.7.1","TestSlide","2.7.1","2023-03-16T14:09:41","benign"
"tf_playwright_stealth-1.2.0","tf_playwright_stealth","1.2.0","2025-06-13T04:51:03","benign"
"threadpoolctl-3.1.0","threadpoolctl","3.1.0","2022-01-31T16:31:46","benign"
"thrift-0.16.0","thrift","0.16.0","2022-03-31T14:54:06","benign"
"tlslite_ng-0.8.2","tlslite_ng","0.8.2","2025-01-22T17:17:03","benign"
"tokenizers-0.12.1","tokenizers","0.12.1","2022-04-13T10:17:35","benign"
"toml-0.10.2","toml","0.10.2","2020-11-01T01:40:20","benign"
"tomli-2.0.1","tomli","2.0.1","2022-02-08T10:54:02","benign"
"toposort-1.7","toposort","1.7","2021-09-28T17:02:38","benign"
"tqdm-4.67.3","tqdm","4.67.3","2026-02-03T17:35:50","benign"
"transaction-5.1","transaction","5.1","2026-03-17T07:46:59","benign"
"transformers-4.21.0","transformers","4.21.0","2022-07-27T13:37:21","benign"
"tree_sitter_typescript-0.23.2","tree_sitter_typescript","0.23.2","2024-11-11T02:35:58","benign"
"trimesh-3.12.9","trimesh","3.12.9","2022-07-17T19:52:14","benign"
"trio_websocket-0.9.2","trio_websocket","0.9.2","2021-02-05T11:55:42","benign"
"trytond-6.4.3","trytond","6.4.3","2022-07-01T21:03:57","benign"
"typed_ast-1.5.4","typed_ast","1.5.4","2022-05-21T21:30:52","benign"
"typer-0.25.0","typer","0.25.0","2026-04-26T08:46:15","benign"
"types_aiobotocore_apigateway-3.3.0","types_aiobotocore_apigateway","3.3.0","2026-03-19T02:26:21","benign"
"types_aiobotocore_invoicing-3.3.0","types_aiobotocore_invoicing","3.3.0","2026-03-19T02:30:24","benign"
"types_aiobotocore_neptune_graph-3.3.0","types_aiobotocore_neptune_graph","3.3.0","2026-03-19T02:32:14","benign"
"types_aiobotocore_notifications-3.3.0","types_aiobotocore_notifications","3.3.0","2026-03-19T02:32:23","benign"
"types_aiobotocore_route53resolver-3.3.0","types_aiobotocore_route53resolver","3.3.0","2026-03-19T02:33:43","benign"
"types_aiobotocore_sso_oidc-3.3.0","types_aiobotocore_sso_oidc","3.3.0","2026-03-19T02:34:51","benign"
"types_pyaudio-0.2.16.20250801","types_pyaudio","0.2.16.20250801","2025-08-01T03:48:35","benign"
"types_setuptools-63.2.2","types_setuptools","63.2.2","2022-07-28T01:53:39","benign"
"typing_utils-0.1.0","typing_utils","0.1.0","2021-05-23T18:12:33","benign"
"umap-learn-0.5.3","umap-learn","0.5.3","2022-04-13T21:20:36","benign"
"unidep-2.1.0","unidep","2.1.0","2026-02-24T23:08:20","benign"
"unittest_xml_reporting-3.2.0","unittest_xml_reporting","3.2.0","2022-01-20T19:09:53","benign"
"urllib3_lts-2026.21441.1","urllib3_lts","2026.21441.1","2026-02-23T05:48:23","benign"
"vcver-0.2.12","vcver","0.2.12","2021-08-10T05:21:09","benign"
"Wand-0.6.8","Wand","0.6.8","2022-07-17T00:31:35","benign"
"wasabi-0.10.1","wasabi","0.10.1","2022-07-28T08:17:53","benign"
"wcwidth-0.2.5","wcwidth","0.2.5","2020-06-23T16:10:28","benign"
"Werkzeug-2.2.1","Werkzeug","2.2.1","2022-07-27T20:44:18","benign"
"wikipedia-1.4.0","wikipedia","1.4.0","2014-11-15T15:59:49","benign"
"wsproto-1.1.0","wsproto","1.1.0","2022-02-27T09:39:16","benign"
"wtforms_components-0.11.0","wtforms_components","0.11.0","2024-11-15T13:43:14","benign"
"xblock-6.0.0","xblock","6.0.0","2026-03-24T16:06:57","benign"
"yarl-1.7.2","yarl","1.7.2","2021-11-01T20:23:48","benign"
"yaspin-2.1.0","yaspin","2.1.0","2021-08-14T16:28:56","benign"
"zerobouncesdk-2.1.11","zerobouncesdk","2.1.11","2026-03-03T12:30:45","benign"
"zeroconf-0.38.7","zeroconf","0.38.7","2022-06-14T17:51:47","benign"
"zict-2.2.0","zict","2.2.0","2022-04-28T14:19:43","benign"
"zipp-3.8.1","zipp","3.8.1","2022-07-12T14:21:20","benign"
"ZODB-5.7.0","ZODB","5.7.0","2022-03-17T10:12:38","benign"
"zope.i18nmessageid-5.0.1","zope.i18nmessageid","5.0.1","2020-03-10T12:53:47","benign"
"Zope2-4.0a6","Zope2","4.0a6","2017-06-01T12:21:35","benign"
