package,version,label,timestamp
cheetah,2.4.4,benign,2010-12-13T04:50:20
logging,0.4.9.6,benign,2013-06-04T23:43:22
confluence,0.1,benign,2013-06-13T18:05:34
requests-toolbelt,0.1.0,malicious,2014-01-18T22:06:38
bitbucket-api,0.5.0,benign,2014-02-28T19:50:33
docopt,0.6.2,benign,2014-06-16T11:18:57
wikipedia,1.4.0,benign,2014-11-15T15:59:49
fpdf,1.7.2,benign,2015-01-21T00:07:47
unittest2,1.1.0,benign,2015-06-30T06:48:27
sklearn,0.0,benign,2015-07-15T14:17:46
argparse,1.4.0,benign,2015-09-12T20:22:16
lockfile,0.12.2,benign,2015-11-25T18:29:58
backports.tempfile,1.0rc1,benign,2016-03-10T00:35:51
pygeohash,1.2.0,benign,2016-04-05T15:59:51
pyqrcode,1.2.1,benign,2016-06-20T03:28:03
jstyleson,0.0.2,benign,2016-06-21T14:38:54
redis-dump-load,1.1,benign,2016-09-10T02:12:18
zipfile36,0.1.3,benign,2016-10-16T13:09:03
pyencrypt,0.0.4,malicious,2016-10-30T12:35:46
cryptoclip,1.1.1,malicious,2016-12-15T02:09:47
descartes,1.1.0,benign,2017-01-17T15:37:01
limit,0.2.3,benign,2017-02-14T16:16:09
setuptools_git,1.2,benign,2017-02-18T00:31:15
teradata,15.10.0.21,benign,2017-04-29T22:12:29
postmark,1.0.0,benign,2017-05-20T09:33:32
Zope2,4.0a6,benign,2017-06-01T12:21:35
haystack,0.42,benign,2017-07-03T04:44:49
xlwt,1.3.0,benign,2017-08-22T06:47:16
azure_cosmosdb_nspkg,2.0.2,benign,2017-10-05T01:51:53
apns2-client,0.5.4,malicious,2017-12-21T06:35:57
flup,1.0.3,benign,2018-02-07T21:55:36
ply,3.11,benign,2018-02-15T19:01:27
behave,1.2.6,benign,2018-02-25T20:06:34
sage,0.0.0,benign,2018-04-06T02:52:49
flask-oidc,1.4.0,benign,2018-04-12T18:38:57
numphy,0.0.2,malicious,2018-05-02T18:20:13
blessings,1.7,benign,2018-06-21T14:00:07
boto,2.49.0,malicious,2018-07-11T20:58:55
gitlab,1.0.2,benign,2018-07-29T14:41:48
statsd,3.3.0,benign,2018-08-22T14:19:48
eth_utils,2.0.0a0,benign,2018-09-17T21:38:24
PyInquirer,1.0.3,benign,2018-11-22T19:22:15
airflow,0.6,benign,2018-11-27T10:15:49
graphframes,0.6,benign,2018-12-05T06:02:32
ratelimit,2.2.1,benign,2018-12-17T18:55:49
gputil,1.4.0,benign,2018-12-18T09:12:13
gitchangelog,3.0.4,benign,2018-12-21T14:01:07
iptools,0.7.0,benign,2019-01-07T05:00:22
requests_html,0.10.0,benign,2019-02-17T20:14:17
backports.csv,1.0.7,benign,2019-03-11T03:05:31
certipy,0.1.3,benign,2019-03-18T17:31:09
pyad,0.6.0,benign,2019-04-04T20:38:33
PyAudit,1.0.3,malicious,2019-05-02T16:22:29
libarchive,0.4.7,benign,2019-07-01T03:47:07
azure_cli_command_modules_nspkg,2.0.3,benign,2019-07-02T20:19:28
ffmpeg_python,0.2.0,benign,2019-07-06T00:19:07
colcon-argcomplete,0.3.3,benign,2019-07-16T22:29:06
socketio,0.2.1,benign,2019-08-12T12:33:43
flask_restplus,0.13.0,benign,2019-08-12T21:51:40
commonmark,0.9.1,benign,2019-10-04T15:37:37
BeautifulSoup,3.2.2,malicious,2019-10-05T11:28:41
click-completion,0.5.2,benign,2019-10-15T16:21:42
ipaddress,1.0.23,benign,2019-10-18T01:30:24
pdfminer,20191125,benign,2019-11-25T12:02:21
decouple,0.0.7,benign,2019-12-25T15:01:39
mouse,0.7.1,benign,2020-01-01T16:51:33
square,0.0.3,benign,2020-01-07T17:35:28
jieba,0.42.1,benign,2020-01-20T14:27:23
imgaug,0.4.0,benign,2020-02-05T20:54:22
fuzzywuzzy,0.18.0,benign,2020-02-13T21:06:25
jsonfield,3.1.0,benign,2020-02-22T08:42:29
sphinxcontrib_qthelp,1.0.3,benign,2020-02-29T04:19:08
aredis,1.1.8,malicious,2020-03-01T16:24:14
zope.i18nmessageid,5.0.1,benign,2020-03-10T12:53:47
enum34,1.1.10,benign,2020-03-10T17:47:58
google_pasta,0.2.0,benign,2020-03-13T18:57:47
keyboard,0.13.5,benign,2020-03-23T21:47:05
usb,0.0.83.dev0,benign,2020-03-27T13:14:58
dotted_dict,1.1.3,benign,2020-04-08T20:45:56
django-memoize,2.3.1,benign,2020-04-27T06:47:14
escapism,1.0.1,benign,2020-04-30T10:54:17
are,0.0.0.1,malicious,2020-05-02T03:36:50
appdirs,1.4.4,benign,2020-05-11T07:59:51
Keras_Preprocessing,1.1.2,benign,2020-05-14T03:53:47
netaddr2,0.7.19,malicious,2020-05-22T10:27:13
clikit,0.6.2,benign,2020-06-09T20:17:17
pytest-dotenv,0.5.2,benign,2020-06-16T12:38:01
html5lib,1.1,benign,2020-06-22T23:32:38
backports.zoneinfo,0.2.1,benign,2020-06-23T13:51:18
wcwidth,0.2.5,benign,2020-06-23T16:10:28
stellargraph,1.2.1,benign,2020-06-30T05:10:45
flaky,3.7.0,benign,2020-07-08T21:32:31
path.py,12.5.0,benign,2020-07-27T23:53:37
nbval,0.9.6,benign,2020-07-30T10:58:32
sphinxcontrib_websupport,1.2.4,benign,2020-08-09T15:35:26
bullet,2.2.0,benign,2020-08-14T05:01:47
inflection,0.5.1,benign,2020-08-22T08:16:27
hpack,4.0.0,benign,2020-08-30T10:35:56
alibabacloud_endpoint_util,0.0.3,benign,2020-09-16T07:27:42
pyserial,3.5b0,benign,2020-09-21T01:26:30
kafka_python,2.0.2,benign,2020-09-30T07:24:01
bump2version,1.0.1,benign,2020-10-07T18:38:38
passlib,1.7.4,benign,2020-10-08T19:00:49
sniffio,1.2.0,benign,2020-10-11T18:25:36
querystring_parser,1.2.4,benign,2020-10-21T22:33:33
toml,0.10.2,benign,2020-11-01T01:40:20
halo,0.0.31,benign,2020-11-10T02:36:48
pyquery,1.4.3,benign,2020-11-21T09:17:43
addict,2.4.0,benign,2020-11-21T16:21:29
dacite,1.6.0,benign,2020-11-30T09:08:05
slicer,0.0.7,benign,2020-12-16T02:38:00
smdebug_rulesconfig,1.0.1,benign,2020-12-18T23:54:51
twitterbot2,0.0.5,malicious,2020-12-31T22:10:02
chevron,0.14.0,benign,2021-01-02T22:47:57
Flask_Cors,3.0.10,benign,2021-01-06T00:25:41
hyperlink,21.0.0,benign,2021-01-08T05:51:20
parameterized,0.8.1,benign,2021-01-09T20:35:16
sshtunnel,0.4.0,benign,2021-01-11T13:26:29
python-Levenshtein,0.12.2,benign,2021-02-01T13:03:13
quarto,0.1.0,benign,2021-02-03T21:53:10
trio_websocket,0.9.2,benign,2021-02-05T11:55:42
pyperclip,1.8.2,benign,2021-02-21T01:04:55
aiosqlite,0.17.0,benign,2021-02-22T01:01:07
pydub,0.25.1,benign,2021-03-10T02:09:54
py-cpuinfo,8.0.0,benign,2021-04-14T16:53:43
asttokens,2.0.5,benign,2021-04-19T15:38:24
langdetect,1.0.9,benign,2021-05-07T07:54:13
trello,0.9.7.3,benign,2021-05-10T16:55:52
flatbuffers,2.0,benign,2021-05-10T19:55:09
flake82,3.9.2,malicious,2021-05-12T00:30:17
python-docx,0.8.11,benign,2021-05-15T22:18:24
sphinxcontrib_htmlhelp,2.0.0,benign,2021-05-22T16:02:11
typing_utils,0.1.0,benign,2021-05-23T18:12:33
netifaces,0.11.0,benign,2021-05-31T08:33:02
python_jose,3.3.0,benign,2021-06-05T03:30:38
click_help_colors,0.9.1,benign,2021-07-11T11:59:14
geopy,2.2.0,benign,2021-07-11T12:15:26
ldap3,2.9.1,benign,2021-07-18T06:34:21
playsound,1.3.0,benign,2021-07-24T03:21:22
pydeequ,1.0.1,benign,2021-07-29T18:22:41
pytest_checkdocs,2.7.1,benign,2021-07-31T03:44:14
vcver,0.2.12,benign,2021-08-10T05:21:09
monotonic,1.6,benign,2021-08-11T14:37:28
singledispatch,3.7.0,benign,2021-08-14T02:38:20
yaspin,2.1.0,benign,2021-08-14T16:28:56
httpretty,1.1.4,benign,2021-08-16T19:35:31
lm_dataformat,0.0.20,benign,2021-08-29T18:06:58
Deprecated,1.2.13,benign,2021-09-05T11:13:17
sphinx_argparse,0.3.1,benign,2021-09-06T20:01:55
singer-python,5.12.2,benign,2021-09-08T17:37:08
pytest_rerunfailures,10.2,benign,2021-09-17T06:08:24
humanfriendly,10.0,benign,2021-09-17T21:40:39
hvac,0.11.2,benign,2021-09-23T17:47:10
10Cent10,999.0.4,malicious,2021-09-26T23:38:54
furl,2.1.3,benign,2021-09-27T21:31:14
toposort,1.7,benign,2021-09-28T17:02:38
requests_futures,1.0.0,benign,2021-09-29T00:23:32
ConfigArgParse,1.5.3,benign,2021-10-03T00:17:22
google-crc32c,1.3.0,benign,2021-10-05T22:43:11
joblib,1.1.0a0,benign,2021-10-07T14:14:37
pycel,1.0b30,benign,2021-10-13T18:37:05
lmfit,1.0.3,benign,2021-10-14T19:53:01
flake8-quotes,3.3.1,benign,2021-10-19T07:07:05
gitdb,4.0.9,benign,2021-10-24T13:40:41
yarl,1.7.2,benign,2021-11-01T20:23:48
py,1.11.0,benign,2021-11-04T17:17:00
cx-oracle,8.3.0,benign,2021-11-04T22:08:34
pycparser,2.21,benign,2021-11-06T12:50:13
sparkpost,1.3.10,benign,2021-11-09T15:37:22
botaa3,1.0.0,malicious,2021-11-17T18:30:41
packaging,21.3,benign,2021-11-18T00:39:10
robotframework-sshlibrary,3.8.0,benign,2021-11-18T10:02:12
hydra_slayer,0.4.0,benign,2021-11-21T08:19:22
folium,0.12.1.post1,benign,2021-11-22T17:22:38
aiofiles,0.8.0,benign,2021-11-27T15:05:27
strictyaml,1.6.1,benign,2021-11-28T18:09:04
schema,0.7.5,benign,2021-12-01T20:49:21
PuLP,2.6.0,benign,2021-12-04T21:59:58
pystache,0.6.0,benign,2021-12-08T14:57:37
upgini,0.10.0a11,malicious,2021-12-08T20:10:22
argon2_cffi,21.3.0,benign,2021-12-11T11:47:48
isodate,0.6.1,benign,2021-12-13T20:28:29
memory_profiler,0.60.0,benign,2021-12-18T13:42:24
plumbum,1.7.2,benign,2021-12-23T19:58:48
aioredis,2.0.1,benign,2021-12-27T20:28:17
redis2,2.10.6.3,malicious,2022-01-01T06:19:51
decorator,5.1.1,benign,2022-01-07T08:20:03
jellyfish,0.9.0,benign,2022-01-07T20:20:43
sphinx_automodapi,0.14.1,benign,2022-01-12T18:23:46
pyrsistent,0.18.1,benign,2022-01-14T19:55:29
jsmin,3.0.1,benign,2022-01-16T20:35:59
frozenlist,1.3.0a0,benign,2022-01-18T14:44:45
unittest_xml_reporting,3.2.0,benign,2022-01-20T19:09:53
pure_eval,0.2.2,benign,2022-01-22T15:41:27
apple-py-music,1.0,malicious,2022-01-23T21:36:40
mccabe,0.7.0,benign,2022-01-24T01:14:51
multidict,6.0.2,benign,2022-01-24T16:56:02
requests_oauthlib,1.3.1,benign,2022-01-29T18:52:22
threadpoolctl,3.1.0,benign,2022-01-31T16:31:46
python_decouple,3.6,benign,2022-02-02T19:25:29
entrypoints,0.4,benign,2022-02-02T21:30:26
httplib2,0.20.4,benign,2022-02-03T00:00:29
sphinx_bootstrap_theme,0.8.1,benign,2022-02-03T20:27:24
aliyun-python-sdk-core,2.13.36,benign,2022-02-07T09:10:20
tomli,2.0.1,benign,2022-02-08T10:54:02
clang,14.0,benign,2022-02-12T17:56:58
wsproto,1.1.0,benign,2022-02-27T09:39:16
APScheduler,3.9.1,benign,2022-02-27T16:06:31
azure-cli-ml-preview,97.10.0,malicious,2022-02-27T20:27:09
einops,0.4.1,benign,2022-03-04T09:32:08
dnspython,2.2.1,benign,2022-03-06T23:36:12
sendgrid,6.9.7,benign,2022-03-09T20:26:08
cloudscraper,1.2.60,benign,2022-03-15T12:33:17
asn1crypto,1.5.1,benign,2022-03-15T14:46:51
ZODB,5.7.0,benign,2022-03-17T10:12:38
dateparser,1.1.1,benign,2022-03-17T15:43:01
dbt_extractor,0.4.1,benign,2022-03-17T20:24:21
freezegun,1.2.1,benign,2022-03-18T09:06:37
fastapi-toolkit,0.0.4,malicious,2022-03-21T09:34:56
mixer,7.2.2,benign,2022-03-23T14:39:33
bidict,0.22.0,benign,2022-03-23T22:21:10
requests_aws4auth,1.1.2,benign,2022-03-24T16:23:54
plac,1.3.5,benign,2022-03-30T11:54:53
thrift,0.16.0,benign,2022-03-31T14:54:06
sphinxcontrib_bibtex,2.4.2,benign,2022-04-10T18:57:18
tokenizers,0.12.1,benign,2022-04-13T10:17:35
pymssql,2.2.5,benign,2022-04-13T19:15:05
umap-learn,0.5.3,benign,2022-04-13T21:20:36
soupsieve,2.3.2.post1,benign,2022-04-14T12:57:59
fofa,1.0.2,benign,2022-04-15T07:41:07
readme_renderer,35.0,benign,2022-04-19T17:32:01
locket,1.0.0,benign,2022-04-20T22:04:42
Pint,0.19.2,benign,2022-04-23T16:12:31
zict,2.2.0,benign,2022-04-28T14:19:43
motor,3.0.0,benign,2022-04-28T18:25:13
prettytable,3.3.0,benign,2022-05-05T15:21:28
pyravendb,5.0.0.5,benign,2022-05-06T07:23:54
shortuuid,1.0.9,benign,2022-05-08T09:57:42
c2,0.1.0,malicious,2022-05-10T03:42:23
pyparsing,3.0.9,benign,2022-05-10T23:26:03
bitcommit,0.1.7,malicious,2022-05-11T14:47:19
deepdiff,5.8.1,benign,2022-05-13T06:43:50
anyio,3.6.1,benign,2022-05-13T12:50:47
oslo.log,5.0.0,benign,2022-05-19T09:48:21
cloudpickle,2.1.0,benign,2022-05-20T15:36:32
python_novaclient,18.0.0,benign,2022-05-20T20:25:30
typed_ast,1.5.4,benign,2022-05-21T21:30:52
build,0.8.0,benign,2022-05-22T15:10:32
pg8000,1.29.1,benign,2022-05-23T00:22:18
pypandoc,1.8.1,benign,2022-05-23T01:37:16
mlxtend,0.20.0,benign,2022-05-27T02:03:51
autopage,0.5.1,benign,2022-05-27T14:51:03
mkdocstrings,0.19.0,benign,2022-05-28T15:55:53
cachetools,5.2.0,benign,2022-05-29T20:53:04
napari,0.4.16rc7,benign,2022-05-31T09:05:59
google_auth_oauthlib,0.5.2,benign,2022-06-09T15:20:12
myst_nb,0.16.0,benign,2022-06-13T17:29:37
zeroconf,0.38.7,benign,2022-06-14T17:51:47
google_cloud_bigtable,2.10.1,benign,2022-06-15T16:19:05
shap,0.41.0,benign,2022-06-16T00:43:28
Babel,2.10.3,benign,2022-06-16T06:31:20
databricks_api,0.8.0,benign,2022-06-17T21:40:00
psd-tools,1.9.21,benign,2022-06-18T15:02:06
nibabel,4.0.1,benign,2022-06-18T17:11:31
huggingface_hub,0.8.1,benign,2022-06-21T15:21:13
geoip2,4.6.0,benign,2022-06-21T16:18:49
tabulate,0.8.10,benign,2022-06-21T16:26:40
oslo.utils,6.0.0,benign,2022-06-23T09:41:08
flask-requests-complex,0.0.1,malicious,2022-06-24T17:40:04
bs4tools,0.0.1,malicious,2022-06-24T20:48:42
nodeenv,1.7.0,benign,2022-06-25T15:38:17
ascii2text,2.4,malicious,2022-06-26T17:30:57
PyMuPDF,1.20.1,benign,2022-06-27T16:12:05
delta_spark,2.0.0rc1,benign,2022-06-28T05:05:08
pip_tools,6.8.0,benign,2022-06-30T09:26:49
trytond,6.4.3,benign,2022-07-01T21:03:57
BeautifulSoup-new,3.0.0,malicious,2022-07-02T17:49:00
Bottleneck,1.3.5rc2,benign,2022-07-02T18:29:27
requests-beta,2.26.1,malicious,2022-07-02T19:35:36
beautifulsoup4-new,4.12.11,malicious,2022-07-02T19:49:41
pystan,3.5.0,benign,2022-07-04T12:59:41
opentelemetry_api,1.12.0rc2,benign,2022-07-04T13:31:40
opentelemetry_sdk,1.12.0rc2,benign,2022-07-04T13:32:05
proto_plus,1.21.0b1,benign,2022-07-05T15:44:35
Flask_AppBuilder,4.1.3rc1,benign,2022-07-05T15:58:56
opencensus_ext_azure,1.1.5,benign,2022-07-05T18:07:09
jupyterlab_server,2.15.0,benign,2022-07-05T21:39:42
github,1.2.7,benign,2022-07-06T15:11:45
boxsdk,3.4.0,benign,2022-07-06T16:03:33
atomicwrites,1.4.1,benign,2022-07-08T18:31:40
python_json_logger,2.0.4,benign,2022-07-11T14:08:04
pelican,4.8.0,benign,2022-07-11T17:51:09
oslo.serialization,5.0.0,benign,2022-07-12T09:21:44
zipp,3.8.1,benign,2022-07-12T14:21:20
attr,0.3.2,malicious,2022-07-13T08:24:29
kfp-server-api,2.0.0a3,benign,2022-07-13T19:53:59
apache_airflow_providers_cncf_kubernetes,4.2.0rc1,benign,2022-07-13T20:57:50
jaraco.functools,3.5.1,benign,2022-07-14T05:18:17
mistune,3.0.0a3,benign,2022-07-14T06:00:39
keyring,23.7.0,benign,2022-07-14T06:39:26
google_cloud_monitoring,2.10.1,benign,2022-07-14T14:11:58
gql,3.4.0,benign,2022-07-14T15:32:28
pyodbc,4.0.34,benign,2022-07-14T20:40:25
python_keystoneclient,5.0.0,benign,2022-07-15T08:17:58
pytest_asyncio,0.19.0,benign,2022-07-15T08:25:11
Markdown,3.4.1,benign,2022-07-15T19:15:37
pybind11,2.10.0,benign,2022-07-16T02:35:40
nose2,0.12.0,benign,2022-07-16T16:38:56
brokescolors,0.0.0,malicious,2022-07-16T21:58:23
Wand,0.6.8,benign,2022-07-17T00:31:35
fastjsonschema,2.16.1,benign,2022-07-17T07:51:53
trimesh,3.12.9,benign,2022-07-17T19:52:14
datasette,0.62a1,benign,2022-07-18T01:16:53
accelerate,0.11.0,benign,2022-07-18T12:55:09
google_cloud_dlp,3.8.0,benign,2022-07-18T13:13:16
google_cloud_audit_log,0.2.3,benign,2022-07-18T13:25:48
google_cloud_appengine_logging,1.1.3,benign,2022-07-18T13:26:50
google_cloud_vision,3.0.0,benign,2022-07-18T16:12:27
networkx,2.8.5,benign,2022-07-18T21:24:59
bitarray,2.6.0,benign,2022-07-19T06:36:02
oss2,2.16.0,benign,2022-07-20T09:47:48
google_cloud_spanner,3.17.0,benign,2022-07-20T10:40:39
dask,2022.7.1,benign,2022-07-22T21:10:13
geopandas,0.11.1,benign,2022-07-24T11:19:14
slack_sdk,3.18.1,benign,2022-07-25T04:51:38
hypothesis,6.53.0,benign,2022-07-25T09:32:16
regex,2022.7.25,benign,2022-07-25T14:30:04
Flask_Login,0.6.2,benign,2022-07-25T15:15:49
adafruit-circuitpython-busdevice,5.2.0,benign,2022-07-26T15:29:41
google_api_python_client,2.55.0,benign,2022-07-26T16:31:30
gremlinpython,3.6.1,benign,2022-07-26T20:16:07
transformers,4.21.0,benign,2022-07-27T13:37:21
sqlalchemy_redshift,0.8.11,benign,2022-07-27T20:21:15
Werkzeug,2.2.1,benign,2022-07-27T20:44:18
Flask_JWT_Extended,4.4.3,benign,2022-07-27T21:44:59
astroquery,0.4.7.dev7946,benign,2022-07-27T22:20:02
types_setuptools,63.2.2,benign,2022-07-28T01:53:39
wasabi,0.10.1,benign,2022-07-28T08:17:53
sentry_sdk,1.9.0,benign,2022-07-28T11:28:03
s3fs,2022.7.1,benign,2022-07-29T00:54:20
rope,1.3.0,benign,2022-07-29T12:57:24
cfn_lint,0.61.4,benign,2022-07-29T16:14:57
dbt_core,1.3.0b1,benign,2022-07-29T16:23:37
aws_cdk.aws_events,1.166.1,benign,2022-07-29T18:00:46
aws_cdk.aws_s3,1.166.1,benign,2022-07-29T18:03:08
dbt_snowflake,1.3.0b1,benign,2022-07-29T18:33:51
aws_cdk_lib,2.34.2,benign,2022-07-30T01:14:22
Flask_Caching,2.0.1,benign,2022-07-30T15:20:50
inflect,6.0.0,benign,2022-07-30T19:31:25
boto3_stubs,1.24.42,benign,2022-07-30T20:28:45
setuptools,63.3.0,benign,2022-08-01T01:30:55
billiard,4.0.1,benign,2022-08-01T08:13:45
constructs,10.1.64,benign,2022-08-02T00:09:33
arcalife,4.4.2,malicious,2022-08-17T23:36:13
dpkt,1.9.8,benign,2022-08-18T05:54:13
asn2crypto,4.5.2,malicious,2022-08-23T10:58:18
django-web4-auth,4.5.2,malicious,2022-08-23T11:01:38
django-web2-auth,4.5.2,malicious,2022-08-23T11:01:46
django-web3-aut,4.5.2,malicious,2022-08-23T11:01:58
file-magic,0.4.1,benign,2022-09-01T12:13:31
kmodes,0.12.2,benign,2022-09-06T19:36:34
korean_lunar_calendar,0.3.1,benign,2022-09-16T10:53:23
realesrgan,0.3.0,benign,2022-09-20T11:49:54
checkscrapeinfo,1.0.0,malicious,2022-09-24T21:14:42
streamlit-camera-input-live,0.2.0,benign,2022-09-27T16:09:29
1inch,8.6,malicious,2022-09-29T10:38:05
backoff,2.2.1,benign,2022-10-05T19:19:32
ceedee,0.1,malicious,2022-10-13T01:32:38
colorama,0.4.6,benign,2022-10-25T02:36:22
aiopg,1.4.0,benign,2022-10-26T09:31:49
drawtime,0.9,malicious,2022-10-31T13:08:33
pystyle,2.9,malicious,2022-11-04T19:31:10
bloxflipscraper,0.0.0,malicious,2022-11-06T18:47:56
cloorama,0.1,malicious,2022-11-06T19:16:51
baeutifulsoup4,0.1,malicious,2022-11-06T21:07:55
djangoo,0.1,malicious,2022-11-07T14:07:23
python-flask,0.1,malicious,2022-11-07T14:17:48
python3-flask,0.1,malicious,2022-11-07T14:34:08
color-utility,0.2.8,malicious,2022-11-09T04:05:05
grandslam,0.1.0,malicious,2022-11-15T22:48:30
colors-it,2.1.3,malicious,2022-11-17T21:53:12
coloram,0.2.7,malicious,2022-11-18T01:20:45
nexusproto,1.0.0,malicious,2022-11-22T17:06:02
aio3,0.2.8,malicious,2022-12-20T04:07:18
botocote,0.0.1,malicious,2022-12-21T09:26:21
colorama-py,0.6,malicious,2022-12-22T15:55:13
pyproximabe,0.2,malicious,2022-12-29T03:35:21
adm4,1.9.0,malicious,2023-01-05T17:12:41
requestse,2.28.2,malicious,2023-02-02T19:44:50
bingchilling2,1.0,malicious,2023-02-06T14:13:52
3m-promo-link-gen,1.0,malicious,2023-02-07T15:36:41
bitoinlib,0.1,malicious,2023-02-09T16:53:02
bitcionlib,0.1,malicious,2023-02-09T16:53:06
btcoinlib,0.1,malicious,2023-02-09T16:53:16
bitcoinlibb,0.1,malicious,2023-02-09T16:53:30
certifo,2022.12.7,malicious,2023-02-09T16:56:12
certif,2022.9.24,malicious,2023-02-10T06:54:33
clorama,0.1,malicious,2023-02-10T10:38:26
beautiflusoup4,0.1,malicious,2023-02-10T10:42:41
beautifulsooup4,0.1,malicious,2023-02-10T10:43:04
beautifulsuop4,0.1,malicious,2023-02-10T10:43:10
beautiifulsoup4,0.1,malicious,2023-02-10T10:43:12
beautifuloup4,0.1,malicious,2023-02-10T10:43:20
beautifulsoup44,0.1,malicious,2023-02-10T10:43:32
beautifulsoupp4,0.1,malicious,2023-02-10T10:43:43
cikit-learn,0.1,malicious,2023-02-10T18:14:01
ppandas,0.1,malicious,2023-02-10T18:19:09
aiohttpp,0.1,malicious,2023-02-10T18:45:57
aiohtpt,0.1,malicious,2023-02-10T18:46:15
aioohttp,0.1,malicious,2023-02-10T18:46:21
clicck,0.1,malicious,2023-02-11T09:24:49
requestss-toolbelt,0.1,malicious,2023-02-11T09:56:17
requests-toolbellt,0.1,malicious,2023-02-11T09:56:43
requests-toollbelt,0.1,malicious,2023-02-11T09:56:55
beautifulsoupp,0.1,malicious,2023-02-11T10:42:36
beeautifulsoup,0.1,malicious,2023-02-11T10:42:49
beautifulosup,0.1,malicious,2023-02-11T10:43:08
beautifulsopu,0.1,malicious,2023-02-11T10:43:13
beautifulssoup,0.1,malicious,2023-02-11T10:44:05
beauitfulsoup,0.1,malicious,2023-02-11T10:44:40
beautifuloup,0.1,malicious,2023-02-11T10:45:02
beauutifulsoup,0.1,malicious,2023-02-11T10:45:42
beautiflsoup,0.1,malicious,2023-02-11T10:45:51
beautfiulsoup,0.1,malicious,2023-02-11T10:46:10
beuatifulsoup,0.1,malicious,2023-02-11T10:46:24
convocations,0.1,malicious,2023-02-12T08:14:14
colourfool,0.1.5,malicious,2023-02-12T12:23:01
figlets,5,malicious,2023-02-22T20:40:56
morecolor,5,malicious,2023-02-22T22:15:29
colorsmore,5,malicious,2023-02-22T22:27:07
colormore,5,malicious,2023-02-22T22:33:02
colourplus,5,malicious,2023-02-22T22:40:20
exo-steal,5,malicious,2023-02-23T14:58:18
fortnoob123,5,malicious,2023-02-23T15:06:56
gradientcolors,5,malicious,2023-02-23T15:53:42
colorsgradient,10,malicious,2023-02-23T16:07:43
candyad,1.54,malicious,2023-02-23T16:57:46
adultra,1.46,malicious,2023-02-23T17:00:35
candyurl,2.83,malicious,2023-02-23T17:01:30
admc,7.87,malicious,2023-02-23T21:37:31
adhttp,2.51,malicious,2023-02-23T21:45:42
admask,10.81,malicious,2023-02-24T14:37:11
ccmask,1.36,malicious,2023-02-24T14:39:20
cccraft,2.95,malicious,2023-02-24T14:48:06
adcontrol,9.56,malicious,2023-02-24T14:54:40
controlgrand,7.55,malicious,2023-02-24T14:57:09
controlget,3.59,malicious,2023-02-24T15:00:13
adgame,7.69,malicious,2023-02-24T15:00:28
ccgrand,8.98,malicious,2023-02-24T15:00:46
pyvis,0.3.2,benign,2023-02-24T20:29:46
adurl,8.60,malicious,2023-02-24T21:08:25
etherapi,1.0,malicious,2023-02-25T09:03:50
spacefilterapi,1.0,malicious,2023-02-25T09:08:33
adpaypal,6.24,malicious,2023-02-25T13:59:50
adsplit,10.60,malicious,2023-02-25T14:14:33
adosint,2.13,malicious,2023-02-25T14:15:10
esqultracc,5.17,malicious,2023-02-25T14:49:43
boostbot-api,1.0,malicious,2023-02-25T16:03:40
dasdhaiusd1212,1.0.117,malicious,2023-02-27T02:52:30
esqgamereplacetool,8.91,malicious,2023-02-27T13:18:19
esqrandpippush,6.67,malicious,2023-02-27T13:18:22
esqnvidiapywpip,2.81,malicious,2023-02-27T13:18:36
esqintcvgui,6.43,malicious,2023-02-27T13:18:40
esqrepymc,5.43,malicious,2023-02-27T13:18:41
esqreinfore,5.34,malicious,2023-02-27T13:18:53
esqhttpmaskload,8.19,malicious,2023-02-27T13:19:08
esqverosintint,4.74,malicious,2023-02-27T13:19:15
esqurlosinthydra,10.26,malicious,2023-02-27T13:19:22
esqlibpullreplace,6.11,malicious,2023-02-27T13:19:41
esqinfovirtualgame,3.2,malicious,2023-02-27T13:19:45
esqstudyedgrand,10.14,malicious,2023-02-27T13:20:02
esqmaskvirtualcpu,10.12,malicious,2023-02-27T13:20:04
esqgrandvirtualget,4.22,malicious,2023-02-27T13:22:21
esqhttppaypalurl,4.13,malicious,2023-02-27T13:22:44
esqpaypalvisaencode,1.7,malicious,2023-02-27T13:22:54
esqreultramask,6.89,malicious,2023-02-27T13:23:03
esqgetultragui,5.56,malicious,2023-02-27T13:23:44
esqintstringcraft,9.30,malicious,2023-02-27T13:23:46
esqvirtualkillsuper,9.16,malicious,2023-02-27T13:23:46
esqnvidiavmget,1.15,malicious,2023-02-27T13:24:25
esqstringpingcraft,7.91,malicious,2023-02-27T13:24:55
esqpostloadping,6.22,malicious,2023-02-27T13:25:11
esqnvidiaultrapep,7.81,malicious,2023-02-27T13:26:50
esqstringgamere,10.81,malicious,2023-02-27T13:26:51
esqpullhackedstudy,10.24,malicious,2023-02-27T13:27:01
esqstringminecv,3.8,malicious,2023-02-27T13:28:08
esqrandomreplacecc,5.49,malicious,2023-02-27T13:28:30
esqmaskintlib,2.39,malicious,2023-02-27T13:28:31
esqmineosintpip,2.47,malicious,2023-02-27T13:28:35
esqmaskintnvidia,7.65,malicious,2023-02-27T13:28:41
esqproofpostpull,10.60,malicious,2023-02-27T13:28:57
esqpywpepcraft,7.19,malicious,2023-02-27T13:29:05
esqproofvisacandy,10.5,malicious,2023-02-27T13:29:08
esqstrpushgrand,6.62,malicious,2023-02-27T13:29:39
esqreplacegrandpep,6.68,malicious,2023-02-27T13:29:42
esqinfostrget,8.25,malicious,2023-02-27T13:29:45
esqmaskcpustring,10.12,malicious,2023-02-27T13:30:09
esqgamemineping,1.6,malicious,2023-02-27T13:32:23
esqvisavirtualencode,2.27,malicious,2023-02-27T13:32:30
esqveradvirtual,10.8,malicious,2023-02-27T13:32:35
esqencodegameproof,6.69,malicious,2023-02-27T13:32:54
esqvirtualkillint,4.83,malicious,2023-02-27T13:32:57
esqrandadget,3.2,malicious,2023-02-27T13:33:00
esqosintcraftram,4.53,malicious,2023-02-27T13:33:20
esqstudypiprand,3.32,malicious,2023-02-27T13:33:39
esqlibcpucc,9.61,malicious,2023-02-27T13:33:51
esqkillpongrand,2.94,malicious,2023-02-27T13:34:03
esqrandompullad,5.98,malicious,2023-02-27T13:34:11
esqvisaverload,3.62,malicious,2023-02-27T13:34:27
esqstringvirtualtool,5.32,malicious,2023-02-27T13:34:29
esqedpushvm,8.61,malicious,2023-02-27T13:34:36
esqmaskgrandcc,6.23,malicious,2023-02-27T13:34:36
esqpaypalpongcc,6.17,malicious,2023-02-27T13:35:03
esqposthackedver,2.14,malicious,2023-02-27T13:35:13
esqvirtualintpep,2.60,malicious,2023-02-27T13:35:16
esqloadhackednvidia,4.86,malicious,2023-02-27T13:35:28
citscapesscripts,11.0.0,malicious,2023-02-27T17:31:39
esqtoolvisaram,5.90,malicious,2023-02-27T20:11:43
esqrecpuvm,5.27,malicious,2023-02-27T20:11:43
esqvisastred,10.10,malicious,2023-02-27T20:11:43
esqosinthackedstudy,4.60,malicious,2023-02-27T20:11:44
python-decouple,3.8,benign,2023-03-01T19:38:38
esqultraultrapong,7.37,malicious,2023-03-02T19:11:49
esqpepintpyw,3.40,malicious,2023-03-02T19:11:51
esqhttpguicc,2.76,malicious,2023-03-02T19:11:53
esqpeprandpaypal,5.38,malicious,2023-03-02T19:11:55
esqhttppywinfo,8.86,malicious,2023-03-02T19:11:57
esqrerecandy,2.70,malicious,2023-03-02T19:12:04
esqpaypalnvidiaurl,4.73,malicious,2023-03-02T19:12:06
esqpingpingcontrol,5.1,malicious,2023-03-03T15:35:23
esqrandompullmine,6.45,malicious,2023-03-03T15:35:31
esqintpaypalram,5.71,malicious,2023-03-03T15:36:08
esqsplitmaskpy,9.35,malicious,2023-03-03T21:52:10
esqmasksplitpush,1.41,malicious,2023-03-03T21:52:13
esqintmaskgui,4.63,malicious,2023-03-03T21:52:28
esqgameguiintel,10.2,malicious,2023-03-03T21:52:39
esqguipippost,2.7,malicious,2023-03-03T21:52:53
socksproxies,1.0,malicious,2023-03-04T09:36:11
bettercolor,3,malicious,2023-03-04T16:10:53
colorstyle,1.0,malicious,2023-03-06T13:09:23
esqproofpongint,4.27,malicious,2023-03-07T19:18:25
esqsplitpushpush,7.71,malicious,2023-03-07T19:18:26
esqgameloadrandom,4.81,malicious,2023-03-07T19:18:33
esqlibkillstr,10.27,malicious,2023-03-07T19:18:42
requ-sts,0.1.0,malicious,2023-03-07T19:50:14
httpx-advanced2,0.1.0,malicious,2023-03-07T20:37:15
pystylerio,1.0,malicious,2023-03-08T10:35:24
etlisalat,1.0,malicious,2023-03-08T10:37:29
definitely-not-requests,2.28.2,malicious,2023-03-08T11:43:05
esqnvidiaadram,1.94,malicious,2023-03-08T15:48:01
esqlibcpuosint,4.43,malicious,2023-03-08T15:48:04
esqintstudyhacked,1.26,malicious,2023-03-08T15:48:35
esqproofosintkill,3.22,malicious,2023-03-08T15:48:42
esqpostintelcpu,1.39,malicious,2023-03-08T15:48:50
fjkslfjsdgbjkbnjfdkq,1.1.1,malicious,2023-03-09T08:19:12
esqrestrhttp,9.27,malicious,2023-03-09T22:25:44
esqnvidiamaskvirtual,7.87,malicious,2023-03-09T22:25:49
esqguiproofad,6.36,malicious,2023-03-12T10:18:38
esqtoolinfoultra,7.18,malicious,2023-03-12T10:18:50
esqgetlibpyw,9.39,malicious,2023-03-12T10:19:39
esqproofpostvisa,3.58,malicious,2023-03-12T10:19:48
dpy-bot,1.0,malicious,2023-03-12T12:57:45
otr-utils,4.1.1,malicious,2023-03-13T14:20:53
pycryptexe,1.0.0,malicious,2023-03-13T21:38:36
pycrypterexe,0.0.0,malicious,2023-03-15T11:46:09
axderz,1.0.4,malicious,2023-03-15T23:45:07
TestSlide,2.7.1,benign,2023-03-16T14:09:41
fluiddaddy,1.0,malicious,2023-03-16T17:48:02
discord-hook,1.0,malicious,2023-03-18T09:00:07
pyprotectfile,1.0.0,malicious,2023-03-18T12:11:52
pyprotector,1.0.0,malicious,2023-03-18T13:37:50
pylibutil,0.9.2,malicious,2023-03-18T13:59:43
poiqweconnector,0.0.4,malicious,2023-03-20T02:25:21
pydefender,1.0.0,malicious,2023-03-20T07:27:30
flsak,2.2.3,malicious,2023-03-20T11:58:51
reuquests,2.28.2,malicious,2023-03-20T12:08:11
pypackscraper,1.0.4,malicious,2023-03-20T14:46:19
h8shdf89d,2.28.2,malicious,2023-03-20T21:10:03
reverse-shell,0.1,malicious,2023-03-21T08:38:03
sintaxisoyyo,0.8,malicious,2023-03-21T19:09:14
pycapmonster,1.0,malicious,2023-03-23T10:34:51
pythoncaptchasolver,2.0,malicious,2023-03-23T12:06:15
analyze-me,1.0.0,malicious,2023-03-23T20:33:43
pylibscate,1.1.0,malicious,2023-03-24T13:52:21
capmonster-task,1.0,malicious,2023-03-26T11:11:45
pypackscate,1.1.1,malicious,2023-03-27T17:21:39
spamysynonym,3.0.1,malicious,2023-03-27T21:20:02
funcy,2.0,benign,2023-03-28T06:22:46
alzynitro,1.0,malicious,2023-03-28T17:41:50
pythonhttpx,1.0,malicious,2023-03-29T03:40:19
pycapmonsterfree,1.0,malicious,2023-03-30T15:23:38
ailzyn1tr0,1.0,malicious,2023-03-30T23:21:11
pohekar-everyday,1.0.0,malicious,2023-03-31T20:27:37
colorfidget,1.0,malicious,2023-04-01T14:28:12
pyobfexecute,1.0.0,malicious,2023-04-01T20:36:10
pydiscordion,1.0,malicious,2023-04-02T02:56:40
pyproxyx,1.0,malicious,2023-04-02T03:34:17
pyporoxy,1.0,malicious,2023-04-02T05:32:45
proxycpz,1.0,malicious,2023-04-02T06:20:43
colored-fidget,1.0,malicious,2023-04-02T10:44:24
ai-solver-py,1.0,malicious,2023-04-03T05:46:13
discord-manager,1.0,malicious,2023-04-03T06:07:01
Ailynitro,1.0,malicious,2023-04-03T08:42:46
Ailyboostbot,1.0,malicious,2023-04-03T09:31:06
boostbot,0.0.1,malicious,2023-04-03T13:07:32
readycharz,0.2.0,malicious,2023-04-06T21:25:06
readycher,0.1.0,malicious,2023-04-08T20:09:03
code-helper,1.0.0,malicious,2023-04-12T08:54:31
aeodatav04,0.4,malicious,2023-04-14T13:44:39
aeodata,0.4,malicious,2023-04-14T13:48:30
gasmanez,1.0.0,malicious,2023-04-14T21:32:16
henter,1.0.0,malicious,2023-04-14T22:07:34
hello-world-example,0.1.1,malicious,2023-04-15T08:33:44
mirrorbot,0.6,malicious,2023-04-17T14:04:29
androidspyeye,2.5,malicious,2023-04-17T18:30:23
roblox-py-wrapper,2.0.5,malicious,2023-04-18T02:26:06
liblxml3,1.5,malicious,2023-04-18T06:21:49
security-util,0.0.4,malicious,2023-04-18T14:34:57
capmonster,1.0,malicious,2023-04-19T17:18:10
edgehttp,1.0,malicious,2023-04-19T18:18:55
social-checker,7.2,malicious,2023-04-19T19:00:29
captcha-py,1.0,malicious,2023-04-20T11:17:08
aeivasta,0.3,malicious,2023-04-20T18:04:08
pandarequests,0.1.0,malicious,2023-04-21T01:03:55
pandasrequest,0.1.0,malicious,2023-04-21T14:30:55
aietelegram,0.3,malicious,2023-04-21T15:43:29
detection-telegram,5.6,malicious,2023-04-21T18:33:16
parser-scrapper,7.2,malicious,2023-04-22T07:30:49
qsteemp,0.2,malicious,2023-04-22T14:49:47
pandirequests,0.1,malicious,2023-04-22T16:14:43
panderequests,0.1,malicious,2023-04-22T21:59:06
pandarequest,0.1,malicious,2023-04-23T12:30:50
ForgePys,1.0.3,malicious,2023-04-23T16:18:14
libidrequest,0.4,malicious,2023-04-23T19:55:56
dasdsajdjsadsad,2.0.0,malicious,2023-04-23T20:52:43
dasdsajdjsaasddsad,2.0.0,malicious,2023-04-23T20:54:56
mordving,1.0.0,malicious,2023-04-23T22:24:03
blazeted,1.0,malicious,2023-04-24T16:23:08
pycolorate,1.0.0,malicious,2023-04-25T07:15:22
social-scrapper,3.6,malicious,2023-04-25T11:36:52
quick-telegram-sender,0.7,malicious,2023-04-25T11:37:29
colors-update,3,malicious,2023-04-25T21:12:46
modelize,1,malicious,2023-04-25T21:33:31
parseweb,1,malicious,2023-04-25T21:56:12
pymulticolor,1.0.0,malicious,2023-04-26T07:34:44
cryptographz,1.0.0,malicious,2023-04-26T15:23:08
setnetwork,0.2,malicious,2023-04-27T17:20:05
pycalculate,1.0.0,malicious,2023-04-27T19:56:30
libidreq,0.1,malicious,2023-04-27T23:47:56
social-scrappers,2.3,malicious,2023-04-28T07:15:28
cloud-client,1.34,malicious,2023-04-29T15:48:57
cloudfix,1.34,malicious,2023-04-29T16:06:50
bogdi,1.0,malicious,2023-04-29T18:30:03
libide,0.1,malicious,2023-04-29T22:31:21
pyrogram,2.0.106,benign,2023-04-30T18:24:45
pymatematics,1.0.0,malicious,2023-05-01T16:21:28
pysubprocess,1.0.0,malicious,2023-05-01T21:07:39
libid,0.1,malicious,2023-05-01T23:02:19
huluquests,0.0.3,malicious,2023-05-02T06:22:37
testfiwldsd21233s,0.1,malicious,2023-05-02T07:19:18
pycolorating,1.0.0,malicious,2023-05-02T18:22:28
mayalbl,4,malicious,2023-05-02T21:22:28
kazer12,1,malicious,2023-05-02T21:35:12
soup2,1,malicious,2023-05-02T22:37:16
setdotwork,0.6,malicious,2023-05-03T11:26:10
popyquests,0.0.1,malicious,2023-05-03T17:45:14
1337test,1,malicious,2023-05-03T18:38:06
testdufou,1,malicious,2023-05-03T18:41:39
milleday,1,malicious,2023-05-03T20:31:24
pyfastcode,1.0.0,malicious,2023-05-04T19:35:23
pypaquets,1.0.0,malicious,2023-05-04T20:00:08
pika,1.3.2,benign,2023-05-05T14:25:43
libidos,0.1,malicious,2023-05-05T20:05:09
libidi,0.1,malicious,2023-05-06T16:48:17
pyfastdownload,1.0.0,malicious,2023-05-06T19:19:27
pyddosprotect,1.0.0,malicious,2023-05-06T22:52:36
lindze,0.1,malicious,2023-05-06T23:20:08
colorara,0.1,malicious,2023-05-07T12:45:35
libida,0.2,malicious,2023-05-07T17:35:18
esqgameencodereplace,7.83,malicious,2023-05-07T19:13:29
colopym2,0.0.1,malicious,2023-05-07T22:23:49
pypswcracker,1.0.0,malicious,2023-05-08T10:01:24
colorating,1.0.0,malicious,2023-05-08T13:26:02
sobit-ishlar,0.1,malicious,2023-05-09T10:44:46
ferns,1.0,malicious,2023-05-09T14:58:18
ferned,1.0,malicious,2023-05-10T08:52:52
binol,1.0,malicious,2023-05-11T16:33:12
colimer,1.0,malicious,2023-05-11T17:11:02
dhawnz,1.0,malicious,2023-05-11T19:15:38
dider,1.0,malicious,2023-05-11T19:23:43
burdoq,1.0,malicious,2023-05-12T05:20:43
easyrequests,1.0.0,malicious,2023-05-12T19:18:07
dfdfdfdfhhh,1.0.0,malicious,2023-05-12T20:56:46
pybowl,1.0.0,malicious,2023-05-12T21:39:14
libig,0.1,malicious,2023-05-13T01:25:58
relefpots,0.0.1,malicious,2023-05-13T05:57:24
pywool,1.0.0,malicious,2023-05-13T13:13:26
libidee,0.1,malicious,2023-05-13T13:34:56
libideee,0.1,malicious,2023-05-13T13:48:49
libideeee,0.1,malicious,2023-05-13T13:58:45
gkjzjh146,1.3,malicious,2023-05-14T04:46:49
qaqaqazzz,1.5,malicious,2023-05-14T06:14:48
0wneg,0.9.0,malicious,2023-05-14T06:42:21
easygetflag,1.5,malicious,2023-05-14T06:59:34
ctfpipshell,0.0.4,malicious,2023-05-14T14:05:00
bruts,1.0,malicious,2023-05-14T17:49:47
feenton,1.0,malicious,2023-05-15T06:32:22
a1rn,0.1.4,malicious,2023-05-15T09:43:11
boogipoper,0.1.0,malicious,2023-05-15T09:50:37
mumuziyyds,1.0,malicious,2023-05-15T09:59:56
boogishell,0.1.0,malicious,2023-05-15T10:04:09
boogishell2,0.1.0,malicious,2023-05-15T10:10:59
boogishell3,0.1.0,malicious,2023-05-15T10:15:03
boogishell4,0.1.0,malicious,2023-05-15T10:22:02
boogishell5,0.1.0,malicious,2023-05-15T10:25:05
boogishell6,0.1.0,malicious,2023-05-15T12:28:55
myshellcode,0.1.0,malicious,2023-05-15T12:35:48
myshellcode2,0.1.0,malicious,2023-05-15T12:36:37
myshellcode3,0.1.0,malicious,2023-05-15T12:51:19
myshellcode4,0.1.0,malicious,2023-05-15T12:51:50
shellapp,0.1.0,malicious,2023-05-15T13:04:09
shellapp1,0.1.0,malicious,2023-05-15T13:11:14
sadsacxz,0.1.0,malicious,2023-05-15T13:37:45
saazsdz,0.1.0,malicious,2023-05-15T13:46:34
saazszxcdz,0.1.0,malicious,2023-05-15T13:56:18
cirtum,1.0,malicious,2023-05-15T19:53:29
Deeprce,0.0.1,malicious,2023-05-16T05:44:38
dekugay,1.0,malicious,2023-05-16T11:24:25
mumuzi1,1.5,malicious,2023-05-16T14:49:06
pywhool,1.0.0,malicious,2023-05-17T14:16:05
WeeCoder,1.1.0,malicious,2023-05-17T17:01:14
colorpad,1.4.4,malicious,2023-05-17T17:57:33
flasgger,0.9.7.1,benign,2023-05-18T17:15:21
pywolle,1.0.0,malicious,2023-05-19T17:18:04
keras-beautifulsoup,2.9.2,malicious,2023-05-20T13:53:24
install-pytest,1.12.7,malicious,2023-05-20T13:54:35
pytest-pandas,16.6.6,malicious,2023-05-20T13:54:55
matplotlib-flask,7.15.10,malicious,2023-05-20T13:55:34
install-crypto,4.18.5,malicious,2023-05-20T13:55:54
matplotlib-requests,16.12.4,malicious,2023-05-20T13:56:53
keras-arg,19.14.9,malicious,2023-05-20T13:57:12
pylint-sys,8.15.6,malicious,2023-05-20T13:57:53
beautifulsoup-requests,12.15.13,malicious,2023-05-20T13:58:13
requests-flask,16.9.16,malicious,2023-05-20T13:58:32
pytorch-pygame,0.6.19,malicious,2023-05-20T13:59:25
req-matplotlib,11.2.18,malicious,2023-05-20T13:59:36
pyyaml-selenium,1.15.3,malicious,2023-05-20T13:59:46
req-os,20.5.17,malicious,2023-05-20T13:59:56
matplotlib-req,17.6.16,malicious,2023-05-20T14:00:23
pylint-py,15.0.3,malicious,2023-05-20T14:00:43
pygame-install,17.14.20,malicious,2023-05-20T14:00:53
pylint-beautifulsoup,3.12.3,malicious,2023-05-20T14:01:02
pandas-numpy,8.19.3,malicious,2023-05-20T14:01:29
requests-pandas,3.10.17,malicious,2023-05-20T14:01:39
pytorch-pandas,14.19.3,malicious,2023-05-20T14:01:49
scikit-learn-matplotlib,6.12.17,malicious,2023-05-20T14:01:57
beautifulsoup-numpy,10.13.10,malicious,2023-05-20T14:02:18
os-numpy,3.19.4,malicious,2023-05-20T14:02:27
beautifulsoup-scikit-learn,2.4.9,malicious,2023-05-20T14:02:37
django-pyyaml,20.17.15,malicious,2023-05-20T14:02:46
numpy-selenium,5.20.19,malicious,2023-05-20T14:03:03
install-pyyaml,1.19.12,malicious,2023-05-20T14:03:12
matplotlib-sqlalchemy,16.18.4,malicious,2023-05-20T14:03:21
crypto-pygame,10.14.7,malicious,2023-05-20T14:03:31
pygame-pytorch,3.4.19,malicious,2023-05-20T14:03:41
req-flask,2.9.4,malicious,2023-05-20T14:23:20
opencv-keras,17.10.13,malicious,2023-05-20T14:30:34
pyautogui,0.9.54,benign,2023-05-24T20:11:32
dumers,1.0,malicious,2023-05-25T15:20:01
pyclack,1.0.0,malicious,2023-05-27T11:16:53
ReverseShell,0.1.0,malicious,2023-05-27T15:23:03
myshit12223,1.0,malicious,2023-05-27T16:09:38
multitools,0.1,malicious,2023-05-29T17:46:26
astralnitro,1.0,malicious,2023-06-03T05:56:10
good-regex,1.0.0,malicious,2023-06-03T23:39:59
celery-poolroutes,1.0.0,malicious,2023-06-04T00:22:15
celery-routr,1.0.0,malicious,2023-06-04T00:22:19
celery-routing,1.0.0,malicious,2023-06-04T00:22:22
arangodb-python,1.0.0,malicious,2023-06-04T00:22:52
arangodb-driver,1.0.0,malicious,2023-06-04T00:22:55
foxx-py,1.0.0,malicious,2023-06-04T00:22:58
airnitro,1.0,malicious,2023-06-04T14:25:10
airduq,1.0,malicious,2023-06-05T19:35:30
bytedtrace,0.1.0,malicious,2023-06-06T14:48:57
grequests,0.7.0,benign,2023-06-08T00:04:29
flake8_2020,1.8.1,benign,2023-06-10T19:05:09
click-repl,0.3.0,benign,2023-06-15T12:43:51
dependency1338,1.0.0,malicious,2023-06-18T07:55:47
cleantalk,6.6.6,malicious,2023-06-18T17:47:35
arangodba,0.0.1,malicious,2023-06-19T10:28:05
barcodeqrgen,1.0.3,malicious,2023-06-21T15:01:27
advpruebitaa,1.0.0,malicious,2023-06-22T01:33:11
advpruebitaa3,1.0.0,malicious,2023-06-22T21:19:16
advpruebitaa6,1.0.0,malicious,2023-06-22T23:19:03
advpruebitaa8,1.0.0,malicious,2023-06-22T23:23:44
advpruebitaa9,1.0.0,malicious,2023-06-23T00:20:32
streamlit-autorefresh,1.0.1,benign,2023-06-25T18:58:33
diaossama-test1,0.0.1,malicious,2023-06-27T07:25:23
crunchie,205.0.0,malicious,2023-06-27T10:20:16
EvannLeGoat,1.0.4,malicious,2023-07-01T15:38:30
shortzy,0.0.8,benign,2023-07-06T16:37:25
pyotp,2.9.0,benign,2023-07-27T23:41:03
algokit-arc,10.0.1,malicious,2023-08-05T05:07:45
dependencyrrr,1.0.0,malicious,2023-08-08T04:21:24
notsogood,0.0.2,malicious,2023-08-10T14:28:39
discord,2.3.2,benign,2023-08-10T21:45:07
requestspro,2.6,malicious,2023-08-20T09:54:35
diskcache,5.6.3,benign,2023-08-31T06:12:00
jsonlines,4.0.0,benign,2023-09-01T12:34:44
flask-sqlalchemy,3.1.1,benign,2023-09-11T21:42:36
alibabacloud-oss2,2.18.2,malicious,2023-10-08T10:59:58
bobotosoji,1.0.0,malicious,2023-10-15T23:01:59
pycryptoconf,1.0.3,malicious,2023-10-25T09:36:24
outcome,1.3.0.post0,benign,2023-10-26T04:26:04
flatten_json,0.1.14,benign,2023-10-27T17:20:40
paypalrestsdk,1.13.3,benign,2023-11-01T20:50:00
pyaudio,0.2.14,benign,2023-11-07T07:11:48
pycryptoenv,1.0.7,malicious,2023-11-07T11:07:20
aiohttp-security,0.5.0,benign,2023-11-18T20:10:30
quasarlib,1.0.7,malicious,2023-11-23T17:22:46
construct,2.10.70,benign,2023-11-29T08:44:49
shodan,1.31.0,benign,2023-12-17T01:42:02
pdf2image,1.17.0,benign,2024-01-07T20:33:01
seaborn,0.13.2,benign,2024-01-25T13:21:52
colorized,0.0.1,malicious,2024-01-28T12:18:06
colored-upgrade,0.0.1,malicious,2024-01-30T13:55:28
requests-upgrade,0.0.1,malicious,2024-02-03T22:01:56
colarama-api,1.0,malicious,2024-02-05T16:05:39
requests-latest,0.0.1,malicious,2024-02-05T16:56:28
requests-https,0.0.1,malicious,2024-02-09T16:08:21
requests-sessions,0.0.1,malicious,2024-02-09T17:06:17
future,1.0.0,benign,2024-02-21T11:52:38
netifaces2,0.0.22,malicious,2024-02-28T21:13:31
databases,0.9.0,benign,2024-03-01T17:39:28
herewalletbot,0.1.0,malicious,2024-03-12T04:19:31
business-kpi-manager,5.9.1,malicious,2024-03-18T13:40:29
sox,1.5.0,benign,2024-03-20T16:59:37
colormma,1.0.0,malicious,2024-03-26T23:22:27
coloramaz,1.0.0,malicious,2024-03-26T23:22:38
coloramia,1.0.0,malicious,2024-03-26T23:22:42
coloramu,1.0.0,malicious,2024-03-26T23:22:52
colorhrama,1.0.0,malicious,2024-03-26T23:23:12
coloramka,1.0.0,malicious,2024-03-26T23:23:57
coloramwa,1.0.0,malicious,2024-03-26T23:24:00
coloramqs,1.0.0,malicious,2024-03-26T23:24:06
capmonsterclouclient,1.0.0,malicious,2024-03-26T23:24:58
capmostercloudclieent,1.0.0,malicious,2024-03-26T23:26:22
bip-utilz,1.0.0,malicious,2024-03-26T23:30:15
bips-utils,1.0.0,malicious,2024-03-26T23:30:36
bip-uitls,1.0.0,malicious,2024-03-26T23:30:41
bpi-utils,1.0.0,malicious,2024-03-26T23:30:47
bip-uttils,1.0.0,malicious,2024-03-26T23:31:02
biup-utils,1.0.0,malicious,2024-03-26T23:31:16
BeautifolSoup,1.0.0,malicious,2024-03-27T20:13:22
BeautifilSoup,1.0.0,malicious,2024-03-27T20:13:26
BeautifullSoop,1.0.0,malicious,2024-03-27T20:16:33
asyyncio,1.0.0,malicious,2024-03-27T20:44:24
asyincio,1.0.0,malicious,2024-03-27T20:44:27
asynio,1.0.0,malicious,2024-03-27T20:44:51
asynciooo,1.0.0,malicious,2024-03-27T20:46:14
pingdomv3,1.0.0,malicious,2024-03-30T02:26:03
rarfile,4.2,benign,2024-04-03T17:10:53
cachelib,0.13.0,benign,2024-04-13T14:18:27
camera-kit,99.0,malicious,2024-04-15T22:34:13
itsdangerous,2.2.0,benign,2024-04-16T21:28:14
panadas,0.2,malicious,2024-04-28T19:07:19
paho-mqtt,2.1.0,benign,2024-04-29T19:52:55
crytic-compilers,0.3.10,malicious,2024-05-01T22:40:49
dependency-confusion12345,9.9.9,malicious,2024-05-09T13:48:54
dependency-confusion123456,9.9.9,malicious,2024-05-09T14:01:27
dependency-confusion1234567,9.9.9,malicious,2024-05-09T14:36:08
dependency-confusion123,1.0.4,malicious,2024-05-09T15:08:28
dependency-confusion12,1.0.4,malicious,2024-05-09T15:42:16
requests-darwin-lite,2.27.1,malicious,2024-05-10T13:53:55
featuretools,1.31.0,benign,2024-05-14T18:59:58
blypack,0.1,malicious,2024-05-20T12:39:05
calendar-extender,0.1,malicious,2024-05-20T19:33:58
networkx-match,0.1.0,malicious,2024-05-22T06:10:00
networkx-match-algr,0.1.1,malicious,2024-05-23T06:38:08
speech-dtw,0.1.1,malicious,2024-05-23T06:53:34
docker,7.1.0,benign,2024-05-23T11:13:57
flask-mail,0.10.0,benign,2024-05-23T22:30:12
dpndncyconfusion,0.1,malicious,2024-05-27T21:33:42
dpdcyconfusion,0.1,malicious,2024-05-27T21:54:18
netaddr,1.3.0,benign,2024-05-28T21:30:37
defca,2.0.0,malicious,2024-05-29T09:43:17
requestn,8.0,malicious,2024-06-06T16:32:51
dataclasses-json,0.6.7,benign,2024-06-09T16:20:16
pycord-self,1.0,malicious,2024-06-10T20:12:51
dependency-analyzer,1.0.0,malicious,2024-06-13T18:31:38
bussardweg4av2,1.0.0,malicious,2024-06-16T13:59:38
bussardweg4av3,1.0.0,malicious,2024-06-16T14:08:40
importlib-metadate,99.99,malicious,2024-06-17T12:46:30
schedule,1.2.2,benign,2024-06-18T20:03:14
class-py,1.0.0,malicious,2024-06-20T13:27:19
artifact-lab-3-package-a18ff5d9,1.1.5,malicious,2024-06-22T21:01:22
lit,18.1.8,benign,2024-06-25T14:33:14
openpyxl,3.1.5,benign,2024-06-28T14:03:44
pycredentials,0.1.0,malicious,2024-07-08T10:02:31
dbt_meshify,0.5.5,benign,2024-07-11T15:04:37
Flask-SeaSurf,2.0.0,benign,2024-07-29T14:05:16
appetize-cli,1.0.0,malicious,2024-07-30T13:19:22
pamela,1.2.0,benign,2024-08-09T09:26:36
glcontext,3.0.0,benign,2024-08-10T20:01:20
sphinx_last_updated_by_git,0.3.8,benign,2024-08-11T07:15:53
boto2,0.1.0,malicious,2024-08-13T08:17:00
artifact-lab-3-package-2387a34d,0.1.1,malicious,2024-08-16T19:46:44
artifact-lab-3-package-3ccf47e8,0.1.1,malicious,2024-08-16T20:19:22
juphelp,0.1.0,malicious,2024-08-17T12:12:16
artifact-lab-3-package-34b21b63,0.1.1,malicious,2024-08-18T19:14:42
artifact-lab-3-package-b55680cd,0.1.1,malicious,2024-08-18T19:56:28
pyscreeze,1.0.1,benign,2024-08-20T23:03:07
formatter-test-package,0.0.1,malicious,2024-08-23T19:14:35
anaconda-anon-usage,0.4.9,malicious,2024-08-24T13:29:16
redis-di-processor,0.1.8,malicious,2024-08-24T13:46:41
oz-merkle-tree,0.1.8,malicious,2024-08-24T13:49:16
confluent-docker-utils,0.0.89,malicious,2024-08-24T13:52:29
artifact-lab-3-package-77d0c154,0.1.2,malicious,2024-08-28T10:38:32
progressbar2,4.5.0,benign,2024-08-28T22:50:12
mkdocs,1.6.1,benign,2024-08-30T12:24:06
embeds,0.0.1,malicious,2024-09-04T14:36:15
artifact-lab-3-package-1f7a39bc,0.1.1,malicious,2024-09-05T06:35:14
modernreqs,2.3.5,malicious,2024-09-06T14:09:58
dahood,0.0.3,malicious,2024-09-06T21:07:01
modeflow,0.0.1,malicious,2024-09-08T19:06:41
pyadd,0.1.0,malicious,2024-09-09T18:25:35
pyloy,0.0.1,malicious,2024-09-09T21:55:36
automsg,0.0.1,malicious,2024-09-11T16:03:43
ezauto,0.0.1,malicious,2024-09-11T19:05:31
artindex,0.0.1,malicious,2024-09-12T02:24:09
rolib,0.0.1,malicious,2024-09-12T19:30:05
roinject,0.0.1,malicious,2024-09-13T01:36:49
rodll,0.0.1,malicious,2024-09-13T17:24:42
antibyfron,0.0.1,malicious,2024-09-14T00:01:45
mecit2,1.0.0,malicious,2024-09-14T19:01:32
mecit3,1.0.0,malicious,2024-09-14T19:05:40
fiona,1.10.1,benign,2024-09-16T20:15:47
artifact-lab-3-package-4c04b1a2,0.1,malicious,2024-09-19T20:45:26
kersa,0.1,malicious,2024-09-20T00:40:07
artifact-lab-3-package-db7d716a,0.1.1,malicious,2024-09-21T02:32:12
botoceor,0.1,malicious,2024-09-21T16:52:34
bo3to,0.1,malicious,2024-09-21T16:55:14
setuptolos,0.1,malicious,2024-09-21T16:56:36
pyprettifier,0.1.0,malicious,2024-09-22T11:30:40
pysleek,0.0.1,malicious,2024-09-23T23:19:43
pyvantq,0.0.1,malicious,2024-09-26T17:49:44
cryptograohy,0.5.6,malicious,2024-09-28T16:03:20
colotama,0.4.4,malicious,2024-09-29T16:17:05
cblines,0.0.1,malicious,2024-09-30T00:06:26
cryptocalls,0.0.1,malicious,2024-09-30T17:52:43
artifact-lab-3-package-e46d5661,0.1.1,malicious,2024-10-02T19:10:16
pykane,0.0.1,malicious,2024-10-05T00:04:52
discould,0.0.1,malicious,2024-10-06T06:42:43
pycblines,0.0.1,malicious,2024-10-07T01:06:03
pytskcheck,0.0.1,malicious,2024-10-08T04:34:24
pysolara,0.0.1,malicious,2024-10-08T21:40:38
pytkit,0.0.1,malicious,2024-10-09T00:15:59
lowui,0.0.1,malicious,2024-10-09T05:59:15
mumupatcher,0.0.1,malicious,2024-10-10T04:22:21
mumuplayer12,0.0.1,malicious,2024-10-10T04:36:58
objgraph,3.6.2,benign,2024-10-10T12:00:45
larpexodus,0.1,malicious,2024-10-10T19:03:21
artifact-lab-3-package-e7ffd2ef,0.1.1,malicious,2024-10-11T11:52:46
artifact-lab-3-package-438d82fc,0.1.1,malicious,2024-10-11T14:56:42
artifact-lab-3-package,0.1.2,malicious,2024-10-11T15:25:04
lab-3-package-438d82fc,0.1.1,malicious,2024-10-11T16:57:54
solaraund,0.1,malicious,2024-10-12T05:44:32
nezur,0.1,malicious,2024-10-12T15:00:50
partpyth,0.1,malicious,2024-10-14T02:45:43
pyaacv,0.1,malicious,2024-10-14T20:30:16
artifact-lab-3-package-153c1c1a,0.1.1,malicious,2024-10-15T12:04:23
pydllcfg,0.1,malicious,2024-10-15T17:18:32
pycordapi,0.1,malicious,2024-10-15T19:50:16
pydeobf,0.1,malicious,2024-10-15T23:56:59
artifact-lab-3-package-24ddbc49,0.5.0,malicious,2024-10-22T16:23:13
et-xmlfile,2.0.0,benign,2024-10-25T17:25:40
ftfy,6.3.1,benign,2024-10-26T00:50:35
AlertManager,1.0.2,malicious,2024-10-30T07:20:28
hmac2,0.0.2,malicious,2024-10-30T08:27:30
bytekafka,98.7,malicious,2024-11-05T07:43:17
byteseep,99.7,malicious,2024-11-05T08:53:24
bytesip,99.7,malicious,2024-11-05T08:53:38
bytesap,99.7,malicious,2024-11-05T08:53:54
bytep,99.7,malicious,2024-11-06T08:05:04
bytesp,99.7,malicious,2024-11-06T08:06:52
dbt-bytedhouse,99.7,malicious,2024-11-06T08:08:10
dbt-byteshouse,99.7,malicious,2024-11-06T08:09:14
dtb-bytehouse,99.7,malicious,2024-11-06T08:10:04
bytepilot,99.7,malicious,2024-11-06T10:59:19
bytedplus,99.7,malicious,2024-11-06T11:00:34
bytedplus-rec,99.7,malicious,2024-11-06T11:01:11
batchran,912.6,malicious,2024-11-07T03:46:22
cryostar,912.6,malicious,2024-11-07T03:47:29
artifact-lab-3-package-02f73e0e,1.0.3,malicious,2024-11-07T15:58:57
bytebs,912.6,malicious,2024-11-08T07:45:46
bytedsp,912.6,malicious,2024-11-08T07:46:40
byteff,912.6,malicious,2024-11-08T07:46:57
artifact-lab-3-package-b1ec2b9f,0.1,malicious,2024-11-09T07:10:15
artifact-lab-3-package-736f752d,0.1.1,malicious,2024-11-09T20:19:55
aiopbotocore,0.1.0,malicious,2024-11-10T18:09:10
tree_sitter_typescript,0.23.2,benign,2024-11-11T02:35:58
backwwi,0.1.0,malicious,2024-11-12T01:45:11
backwwii,0.1.0,malicious,2024-11-12T02:00:43
adandv,912.6,malicious,2024-11-12T03:22:13
compresai,94.6,malicious,2024-11-13T08:05:29
compressi,94.6,malicious,2024-11-13T08:06:05
compressa,94.6,malicious,2024-11-13T08:07:13
byteqs,94.6,malicious,2024-11-14T08:50:07
detectron4,94.6,malicious,2024-11-14T09:07:55
detecron2,94.6,malicious,2024-11-14T09:12:39
bytepps,94.6,malicious,2024-11-14T09:30:19
controlnot-aux,95.6,malicious,2024-11-15T09:37:38
wtforms_components,0.11.0,benign,2024-11-15T13:43:14
discconnect,0.1,malicious,2024-11-16T18:44:50
waitress,3.0.2,benign,2024-11-16T20:02:35
byted-flux,9.6,malicious,2024-11-18T02:57:28
byted-flex,9.6,malicious,2024-11-18T03:03:31
byte-flux-3822a6dd00d6414daba3ae0de3930a5a,9.6,malicious,2024-11-18T03:06:09
dreamfusion,9.6,malicious,2024-11-18T03:25:55
control4d-multiview,9.6,malicious,2024-11-18T03:26:40
pyre_extensions,0.0.32,benign,2024-11-22T19:26:42
chain00x,1.0,malicious,2024-11-27T06:43:46
spiderai,0.0.3,malicious,2024-11-28T14:36:00
bytedance-chat,0.1.1,malicious,2024-11-29T02:18:58
byted-df,99.1.1,malicious,2024-11-29T07:28:25
genz-translator,9000.0.1,malicious,2024-12-02T19:36:04
loguru,0.7.3,benign,2024-12-06T11:20:54
httpx,0.28.1,benign,2024-12-06T15:37:21
pydata_sphinx_theme,0.16.1,benign,2024-12-17T10:53:35
livereload,2.7.1,benign,2024-12-18T13:42:01
chameleon,4.6.0,benign,2024-12-31T11:19:59
rtpoc1,0.2,malicious,2025-01-08T08:55:52
flask-migrate,4.1.0,benign,2025-01-10T18:51:11
autopep8,2.3.2,benign,2025-01-14T14:46:18
mlc-ai-nightly-cu123,9.9.9,malicious,2025-01-19T21:58:10
mlc-ai-nightly-rocm62,9.9.9,malicious,2025-01-19T22:23:05
tlslite_ng,0.8.2,benign,2025-01-22T17:17:03
soundfile,0.13.1,benign,2025-01-25T09:17:04
deepseeek,0.0.8,malicious,2025-01-29T15:52:58
deepseekai,0.0.8,malicious,2025-01-29T16:13:10
boltons,25.0.0,benign,2025-02-03T05:57:59
factory-boy,3.3.3,benign,2025-02-03T09:49:04
zoomeye,3.0.0,benign,2025-02-07T02:20:19
dask-ml,2025.1.0,benign,2025-02-08T03:16:44
googleapis-googleapis-grpc-python,1.9.3,malicious,2025-02-10T22:41:14
lightgbm,4.6.0,benign,2025-02-15T04:03:03
mock,5.2.0,benign,2025-03-03T12:31:42
jinja2,3.1.6,benign,2025-03-05T20:05:00
configparser,7.2.0,benign,2025-03-08T16:04:07
librosa,0.11.0,benign,2025-03-11T15:09:54
quicly,1.1.16,malicious,2025-03-14T00:27:40
pynput,1.8.1,benign,2025-03-17T17:12:01
imad213,0.1.0,malicious,2025-03-20T22:43:24
a-b27,1.0.0,malicious,2025-03-23T02:21:33
taya,2.0,malicious,2025-03-23T03:38:23
frictionless,5.18.1,benign,2025-03-25T21:32:45
poppo213,1.7,malicious,2025-03-28T01:35:47
html2text,2025.4.15,benign,2025-04-15T04:02:30
s3transfer-sl,0.12.0,malicious,2025-04-23T04:20:37
h11,0.16.0,benign,2025-04-24T03:35:25
unidecode,1.4.0,benign,2025-04-24T08:45:03
sympy,1.14.0,benign,2025-04-27T18:05:01
myownpyfiglet,0.0.1,malicious,2025-05-15T03:00:33
rich-figlet,0.0.1,malicious,2025-05-15T03:01:41
ai-labs-snippets-sdk,0.1.0,malicious,2025-05-19T13:18:51
aliyun-ai-labs-snippets-sdk,1.0.0,malicious,2025-05-20T02:15:15
aliyun-ai-labs-sdk,1.0.0,malicious,2025-05-20T16:10:27
sklearntools,1.3.1,malicious,2025-05-21T02:23:54
albumentations,2.0.8,benign,2025-05-27T21:23:17
hatch_build_scripts,1.0.0,benign,2025-05-29T07:59:17
azure_mgmt_media,10.2.1,benign,2025-06-03T07:09:09
atlasctf-21-prod-15,99.99.99,malicious,2025-06-07T04:04:24
atlasctf-21-prod-11,99.99.99,malicious,2025-06-07T04:29:01
atlasctf-21-prod-00,99.99.99,malicious,2025-06-07T06:34:47
atlasctf-21-prod-01,99.99.99,malicious,2025-06-07T06:34:50
atlasctf-21-prod-02,99.99.99,malicious,2025-06-07T06:34:54
atlasctf-21-prod-03,99.99.99,malicious,2025-06-07T06:34:57
atlasctf-21-prod-04,99.99.99,malicious,2025-06-07T06:34:59
atlasctf-21-prod-05,99.99.99,malicious,2025-06-07T06:35:02
atlasctf-21-prod-06,99.99.99,malicious,2025-06-07T06:35:05
atlasctf-21-prod-07,99.99.99,malicious,2025-06-07T06:35:08
atlasctf-21-prod-08,99.99.99,malicious,2025-06-07T06:35:11
atlasctf-21-prod-09,99.99.99,malicious,2025-06-07T06:35:14
atlasctf-21-prod-10,99.99.99,malicious,2025-06-07T06:35:16
atlasctf-21-prod-12,99.99.99,malicious,2025-06-07T06:35:21
atlasctf-21-prod-13,99.99.99,malicious,2025-06-07T06:35:24
atlasctf-21-prod-14,99.99.99,malicious,2025-06-07T06:35:27
atlasctf-21-prod-16,99.99.99,malicious,2025-06-07T06:35:31
alksdjpureranser,3.0.0,malicious,2025-06-11T13:14:08
tf_playwright_stealth,1.2.0,benign,2025-06-13T04:51:03
xlrd,2.0.2,benign,2025-06-14T08:46:39
bottle,0.13.4,benign,2025-06-15T10:08:59
oauthlib,3.3.1,benign,2025-06-19T22:48:08
flake8,7.3.0,benign,2025-06-20T19:31:34
tweepy,4.16.0,benign,2025-06-22T01:17:51
jwt,1.4.0,benign,2025-06-23T13:28:37
daphne,4.2.1,benign,2025-07-02T12:57:04
distlib,0.4.0,benign,2025-07-17T16:52:00
alive-progress,3.3.0,benign,2025-07-20T02:10:39
colorinal,0.1.7,malicious,2025-07-22T10:12:28
jira,3.10.5,benign,2025-07-28T12:18:22
types_pyaudio,0.2.16.20250801,benign,2025-08-01T03:48:35
rnet,2.4.2,benign,2025-08-02T23:25:24
paramiko,4.0.0,benign,2025-08-04T01:02:02
sgp4,2.25,benign,2025-08-04T18:01:39
pykdtree,1.4.3,benign,2025-08-06T11:10:46
camelot-py,1.0.9,benign,2025-08-10T18:15:28
pyftdi,0.57.1,benign,2025-08-14T15:59:16
fire,0.7.1,benign,2025-08-16T20:20:24
python-ledgercommon,1.56.10,malicious,2025-08-21T13:49:34
lazy-object-proxy,1.12.0,benign,2025-08-22T13:50:06
hunter,3.9.0,benign,2025-08-22T22:13:17
h2,4.3.0,benign,2025-08-23T18:12:19
exifread,3.5.1,benign,2025-08-23T21:59:18
pymysql,1.1.2,benign,2025-08-24T12:55:53
sklearndf,2.4.2,benign,2025-09-03T14:50:02
xlsxwriter,3.2.9,benign,2025-09-16T00:16:21
pytest-mock,3.15.1,benign,2025-09-16T16:37:27
miniopy_async,1.23.4,benign,2025-09-17T12:27:48
shapely,2.1.2,benign,2025-09-24T13:51:41
bcrypt,5.0.0,benign,2025-09-25T19:49:05
pyyaml,6.0.3,benign,2025-09-25T21:31:46
bioql,2.1.0,malicious,2025-09-30T00:15:44
modin,0.37.1,benign,2025-10-02T19:20:29
websocket-client,1.9.0,benign,2025-10-07T21:16:36
msgpack,1.1.2,benign,2025-10-08T09:15:56
reorder_python_imports,3.16.0,benign,2025-10-09T19:25:07
aiostream,0.7.1,malicious,2025-10-13T20:02:05
pyobf,0.1.1,malicious,2025-10-14T20:00:12
colorlog,6.10.1,benign,2025-10-16T16:14:10
gensim,4.4.0,benign,2025-10-18T02:06:45
arrow,1.4.0,benign,2025-10-18T17:46:45
iniconfig,2.3.0,benign,2025-10-18T21:55:43
aiomysql,0.3.2,benign,2025-10-22T00:15:21
impacket,0.13.0,benign,2025-10-22T15:46:17
igraph,1.0.0,benign,2025-10-23T12:22:50
pyexcel,0.7.4,benign,2025-10-25T09:28:47
flake8-isort,7.0.0,benign,2025-10-25T13:31:08
structlog,25.5.0,benign,2025-10-27T08:28:21
scooby,0.11.0,benign,2025-11-01T19:22:53
lz4,4.4.5,benign,2025-11-03T13:02:36
mpld3,0.5.12,benign,2025-11-05T18:12:24
cerberus,1.3.8,benign,2025-11-06T18:29:40
hypercorn,0.18.0,benign,2025-11-08T13:54:04
numpay,0.0.8,malicious,2025-11-09T13:52:34
execnet,2.1.2,benign,2025-11-12T09:56:37
cachecontrol,0.14.4,benign,2025-11-14T04:32:13
pyobjc_framework_dvdplayback,12.1,benign,2025-11-14T09:48:11
hack-test,0.1,malicious,2025-11-23T15:08:34
hooktest1,0.1.1,malicious,2025-11-23T16:03:41
aiostreams,0.0.1,malicious,2025-11-24T21:34:01
hooktest2,0.1.1,malicious,2025-11-26T06:05:29
mdformat_myst,0.3.0,benign,2025-11-27T18:52:25
atpublic,7.0.0,malicious,2025-11-29T05:56:44
flake8-bugbear,25.11.29,benign,2025-11-29T20:51:57
beautifulsoup4,4.14.3,benign,2025-11-30T15:08:26
genshi,0.7.10,benign,2025-11-30T20:28:00
hooktest3,0.1.1,malicious,2025-12-02T07:20:01
hellospa,90.0.0,malicious,2025-12-03T09:02:20
mypy_boto3_kinesis_video_signaling,1.42.3,benign,2025-12-04T21:05:00
mypy_boto3_mwaa,1.42.3,benign,2025-12-04T21:07:53
statsmodels,0.14.6,benign,2025-12-05T23:08:39
django_snowflake,6.0,benign,2025-12-06T01:01:09
flask-limiter,4.1.1,benign,2025-12-06T17:39:00
helloharry123p,0.1.0,malicious,2025-12-08T21:56:00
helloharry123c,0.1.2,malicious,2025-12-09T19:42:46
scikit-learn,1.8.0,benign,2025-12-10T07:08:53
pyangbind,0.8.7,benign,2025-12-10T21:51:39
censys,2.2.19,benign,2025-12-11T16:08:47
flask-cors,6.0.2,benign,2025-12-12T20:31:42
sqlalchemy-utils,0.42.1,benign,2025-12-13T03:14:13
spectree,2.0.1,benign,2025-12-16T01:38:51
google-generativeai,0.8.6,benign,2025-12-16T17:53:58
docutils,0.22.4,benign,2025-12-18T19:00:26
smbus2,0.6.0,benign,2025-12-20T09:02:51
scikit-image,0.26.0,benign,2025-12-20T17:10:31
humanize,4.15.0,benign,2025-12-20T20:16:11
py7zr,1.1.0,benign,2025-12-21T03:27:44
aiogram-sever-patch,3.3.8,malicious,2025-12-25T13:30:04
scapy,2.7.0,benign,2025-12-26T22:10:53
glom,25.12.0,benign,2025-12-29T06:29:06
termcolor,3.3.0,benign,2025-12-29T12:55:20
kombu,5.6.2,benign,2025-12-29T20:30:07
accesspdp,2.0.1,malicious,2025-12-31T13:36:36
pynacl,1.6.2,benign,2026-01-01T17:48:10
cython,3.2.4,benign,2026-01-04T14:14:14
aiihttp,3.13.3,malicious,2026-01-04T17:53:44
auohttp,3.13.3,malicious,2026-01-04T18:11:15
vcrpy,8.1.1,benign,2026-01-04T19:22:03
llmboost-hub,0.3.0,malicious,2026-01-06T01:17:59
alibabacloud_adb20211201,3.7.1,benign,2026-01-06T18:41:21
azure-storage-blob,12.28.0,benign,2026-01-06T23:48:58
jsonschema,4.26.0,benign,2026-01-07T13:41:07
urllib3,2.6.3,benign,2026-01-07T16:24:43
iterable_io,1.0.1,benign,2026-01-08T04:58:18
websockets,16.0,benign,2026-01-10T09:23:47
axm,0.1.0a1,malicious,2026-01-10T16:27:57
aiodns,4.0.0,benign,2026-01-10T22:33:27
google_cloud_modelarmor,0.4.0,benign,2026-01-15T13:03:14
kubernetes,35.0.0,benign,2026-01-16T01:05:27
apache_airflow_providers_apprise,2.3.1,benign,2026-01-17T10:46:21
dill,0.4.1,benign,2026-01-19T02:36:56
multiprocess,0.70.19,benign,2026-01-19T06:47:39
patool,4.0.4,benign,2026-01-19T10:59:51
conda-pack,0.9.1,benign,2026-01-22T19:38:05
aiosmtplib,5.1.0,benign,2026-01-25T01:51:11
psutil,7.2.2,benign,2026-01-28T18:14:54
pendulum,3.2.0,benign,2026-01-30T11:20:36
certbot_dns_duckdns,1.8.0,benign,2026-02-01T19:43:13
imagekitio,5.2.0,benign,2026-02-02T05:28:18
apache_airflow_providers_apache_livy,4.5.3,benign,2026-02-02T15:36:32
vaex,4.19.0,benign,2026-02-03T17:25:42
tqdm,4.67.3,benign,2026-02-03T17:35:50
elasticsearch,9.3.0,benign,2026-02-03T20:26:38
cicd-ppe-test,1.0.0,malicious,2026-02-04T05:20:47
ansimarkup,2.2.0,benign,2026-02-04T21:48:03
opencv-python,4.13.0.92,benign,2026-02-05T07:01:25
hid,1.0.9,benign,2026-02-05T15:35:20
nbdev_pytorch,0.0.2385,benign,2026-02-09T01:42:37
doit,0.37.0,benign,2026-02-09T07:02:15
rsinstrument,1.124.0,benign,2026-02-10T09:07:41
xgboost,3.2.0,benign,2026-02-10T11:03:05
alembic,1.18.4,benign,2026-02-10T16:00:47
django_axes,8.3.1,benign,2026-02-11T20:19:48
aider_chat,0.86.2,benign,2026-02-12T00:42:52
crc32fast,1.0.99,malicious,2026-02-14T13:21:35
trio,0.33.0,benign,2026-02-14T18:40:55
kim_property,2.6.14,benign,2026-02-16T01:48:18
notion-client,3.0.0,benign,2026-02-16T11:15:48
bitstruct,8.22.1,benign,2026-02-17T14:14:23
catboost,1.2.10,benign,2026-02-18T16:13:29
cattrs,26.1.0,benign,2026-02-18T22:15:17
flask,3.1.3,benign,2026-02-19T05:00:56
responses,0.26.0,benign,2026-02-19T14:38:05
pylint,4.0.5,benign,2026-02-20T09:07:31
disjoint_set,0.9.0,benign,2026-02-21T15:05:43
scipy,1.17.1,benign,2026-02-23T00:26:24
urllib3_lts,2026.21441.1,benign,2026-02-23T05:48:23
mkdocs_htmlproofer_plugin,1.5.0,benign,2026-02-23T15:20:45
nats-py,2.14.0,benign,2026-02-23T22:44:58
line-profiler,5.0.2,benign,2026-02-23T23:31:20
jsonpath-ng,1.8.0,benign,2026-02-24T14:42:06
unidep,2.1.0,benign,2026-02-24T23:08:20
duo_client,5.6.1,benign,2026-02-26T16:38:51
multipart,1.3.1,benign,2026-02-27T10:17:13
cicd-ppe-redteam-test01,1.0.0,malicious,2026-02-27T13:35:10
mypy_boto3_ram,1.42.59,benign,2026-02-27T20:47:09
fpdf2,2.8.7,benign,2026-02-28T05:39:16
isort,8.0.1,benign,2026-02-28T10:08:20
linkify-it-py,2.1.0,benign,2026-03-01T07:48:47
python-dotenv,1.2.2,benign,2026-03-01T16:00:26
apache_airflow_providers_teradata,3.5.0,benign,2026-03-02T21:01:36
pytz,2026.1.post1,benign,2026-03-03T07:47:49
dramatiq,2.1.0,benign,2026-03-03T11:22:10
zerobouncesdk,2.1.11,benign,2026-03-03T12:30:45
imagesize,2.0.0,benign,2026-03-03T14:18:29
rtslib_fb,2.2.4,benign,2026-03-04T07:41:39
opentelemetry_instrumentation_pymemcache,0.61b0,benign,2026-03-04T14:19:43
tui-ascii-art,0.1.1,malicious,2026-03-04T20:59:53
keboola_component,1.9.4,benign,2026-03-06T09:54:59
luigi,3.8.0,benign,2026-03-06T17:00:22
piccolo,1.33.0,benign,2026-03-06T17:13:06
tensorflow,2.21.0,benign,2026-03-06T17:22:21
b10connoisseur,0.12.0,malicious,2026-03-06T20:30:08
imageio,2.37.3,benign,2026-03-09T11:31:10
tornado,6.5.5,benign,2026-03-10T21:31:02
gt4py,1.1.7,benign,2026-03-11T16:53:53
bokeh,3.9.0,benign,2026-03-11T17:58:34
black,26.3.1,benign,2026-03-12T03:39:58
slack-sdk,3.41.0,benign,2026-03-12T16:10:11
llama_index_readers_confluence,0.7.0,benign,2026-03-12T20:33:42
cairosvg,2.9.0,benign,2026-03-13T15:42:00
crowdsourcehinter_xblock,1.0.0,benign,2026-03-13T16:59:09
mpmath,1.4.1,benign,2026-03-15T01:17:38
croniter,6.2.2,benign,2026-03-15T08:43:48
optuna,4.8.0,benign,2026-03-16T04:59:58
hiredis,3.3.1,benign,2026-03-16T15:21:08
license-utils-kit,0.1a0,malicious,2026-03-17T05:34:44
transaction,5.1,benign,2026-03-17T07:46:59
coverage,7.13.5,benign,2026-03-17T10:33:18
mcp_use,1.7.0,benign,2026-03-17T13:43:25
dynaconf,3.2.13,benign,2026-03-17T19:38:47
aiobotocore,3.3.0,benign,2026-03-18T09:58:47
types_aiobotocore_apigateway,3.3.0,benign,2026-03-19T02:26:21
types_aiobotocore_invoicing,3.3.0,benign,2026-03-19T02:30:24
types_aiobotocore_neptune_graph,3.3.0,benign,2026-03-19T02:32:14
types_aiobotocore_notifications,3.3.0,benign,2026-03-19T02:32:23
types_aiobotocore_route53resolver,3.3.0,benign,2026-03-19T02:33:43
types_aiobotocore_sso_oidc,3.3.0,benign,2026-03-19T02:34:51
attrs,26.1.0,benign,2026-03-19T14:22:23
sqlglotc,30.0.3,benign,2026-03-19T16:50:00
composer-dev,9.9.9,malicious,2026-03-20T05:42:11
cloud-datasets,9.9.9,malicious,2026-03-20T05:42:24
importlib-metadata,9.0.0,benign,2026-03-20T06:42:56
azure-eventhub-checkpointstoretable,9.9.9,malicious,2026-03-20T09:01:46
aiolrucache,0.1.0,malicious,2026-03-20T13:25:15
supabase_functions,2.28.3,benign,2026-03-20T14:38:15
tortoise-orm,1.1.7,benign,2026-03-21T20:03:29
starlette,1.0.0,benign,2026-03-22T18:29:46
aio_pika,9.6.2,benign,2026-03-22T19:03:19
anduril-sdk,1.0.0,malicious,2026-03-23T07:15:02
google-cloud-storage,3.10.1,benign,2026-03-23T09:35:21
mozlog,8.1.0,benign,2026-03-23T11:14:38
cycode,3.12.0,benign,2026-03-23T11:46:41
torch,2.11.0,benign,2026-03-23T18:12:06
torchvision,0.26.0,benign,2026-03-23T18:13:01
logutilkit,1.0.1,malicious,2026-03-23T22:11:43
jsonpointer,3.1.1,benign,2026-03-23T22:32:32
nltk,3.9.4,benign,2026-03-24T06:13:40
redis,7.4.0,benign,2026-03-24T09:14:35
rumdl,0.1.59,benign,2026-03-24T11:02:31
xblock,6.0.0,benign,2026-03-24T16:06:57
roboat-util,2.30,malicious,2026-03-24T20:24:08
fixtures,4.3.2,benign,2026-03-25T17:25:40
celery,5.6.3,benign,2026-03-26T12:14:49
fluxhttp,1.0.1,malicious,2026-03-26T19:08:28
gunicorn,25.3.0,benign,2026-03-27T00:00:26
model-bakery,1.23.4,benign,2026-03-27T09:28:39
spacy,3.8.14,benign,2026-03-29T10:40:07
numpy,2.4.4,benign,2026-03-29T13:22:01
databaseroboat,0.0.1,malicious,2026-03-29T19:55:20
grpcio,1.80.0,benign,2026-03-30T08:49:10
aiotest,1.0.2,malicious,2026-03-30T08:59:38
requests,2.33.1,benign,2026-03-30T16:09:15
pandas,3.0.2,benign,2026-03-31T06:48:30
flask-compress,1.24,benign,2026-03-31T15:01:39
orjson,3.11.8,benign,2026-03-31T16:16:27
aiohttp,3.13.5,benign,2026-03-31T21:56:30
mistral,22.0.0,benign,2026-04-01T10:51:17
pillow,12.2.0,benign,2026-04-01T14:46:17
ether-account,0.13.7,malicious,2026-04-01T16:16:58
eht-account,0.13.7,malicious,2026-04-01T17:37:56
charset-normalizer,3.4.7,benign,2026-04-02T09:28:39
asana,5.2.4,benign,2026-04-02T19:03:53
sqlmodel,0.0.38,benign,2026-04-02T21:03:55
keras,3.14.0,benign,2026-04-03T01:42:16
pip-doom,0.1.1,malicious,2026-04-03T05:31:43
curl-cffi,0.15.0,benign,2026-04-03T11:12:31
sqlalchemy,2.0.49,benign,2026-04-03T16:50:11
marshmallow,4.3.0,benign,2026-04-03T21:46:31
databaserobooms,0.0.4,malicious,2026-04-04T22:12:31
databasetapes,0.0.4,malicious,2026-04-05T19:32:23
fabric,3.2.3,benign,2026-04-06T00:00:10
environs,15.0.1,benign,2026-04-06T14:15:12
databaselooks,0.0.4,malicious,2026-04-07T03:56:18
kedro,1.3.1,benign,2026-04-07T12:55:10
django,6.0.4,benign,2026-04-07T13:55:37
mlflow,3.11.1,benign,2026-04-07T14:26:58
invoke,3.0.3,benign,2026-04-07T15:17:48
pytest,9.0.3,benign,2026-04-07T17:16:16
adyen,15.0.1,benign,2026-04-08T14:38:08
more-itertools,11.0.2,benign,2026-04-09T15:01:33
plotly,6.7.0,benign,2026-04-09T20:36:45
kafka-python,2.3.1,benign,2026-04-09T21:10:22
cohere,6.1.0,benign,2026-04-10T19:44:43
databasetrace,0.0.5,malicious,2026-04-10T20:34:24
hex2pcap,99.0.0,malicious,2026-04-11T08:14:31
rich,15.0.0,benign,2026-04-12T08:24:02
importlib-resources,7.1.0,benign,2026-04-12T16:36:09
bloxy-api,3.4.0,malicious,2026-04-12T21:36:45
cx-freeze,8.6.4,benign,2026-04-13T06:00:31
chardet,7.4.3,benign,2026-04-13T21:33:39
docstring-parser,0.18.0,benign,2026-04-14T04:09:19
pygithub,2.9.1,benign,2026-04-14T07:26:13
twilio,9.10.5,benign,2026-04-14T09:52:09
sentence-transformers,5.4.1,benign,2026-04-14T13:34:59
huey,3.0.0,benign,2026-04-14T20:04:17
pypdf,6.10.2,benign,2026-04-15T16:37:36
cassandra-driver,3.30.0,benign,2026-04-16T05:04:59
arq,0.28.0,benign,2026-04-16T10:50:23
rq,2.8.0,benign,2026-04-17T00:21:13
aet-test,1.0.1,malicious,2026-04-17T17:52:33
identify,2.6.19,benign,2026-04-17T18:39:50
faker,40.15.0,benign,2026-04-17T20:05:27
lxml,6.1.0,benign,2026-04-18T04:32:51
taskiq,0.12.2,benign,2026-04-18T10:29:29
filelock,3.29.0,benign,2026-04-19T15:39:10
telethon,1.43.2,benign,2026-04-20T08:06:42
pydantic-settings,2.14.0,benign,2026-04-20T13:37:40
pydantic,2.13.3,benign,2026-04-20T14:46:41
pymongo,4.17.0,benign,2026-04-20T16:37:20
psycopg2-binary,2.9.12,benign,2026-04-20T23:33:31
psycopg2,2.9.12,benign,2026-04-20T23:36:11
pyarrow,24.0.0,benign,2026-04-21T10:51:25
altair,6.1.0,benign,2026-04-21T13:08:46
ansible,13.6.0,benign,2026-04-21T15:38:04
mypy,1.20.2,benign,2026-04-21T17:06:14
flax,0.12.7,benign,2026-04-22T06:07:12
ormar,0.24.0,benign,2026-04-22T11:58:11
jax,0.10.0,benign,2026-04-22T13:22:28
click,8.3.3,benign,2026-04-22T15:11:25
idna,3.13,benign,2026-04-22T16:42:42
polars,1.40.1,benign,2026-04-22T19:15:55
ray,2.55.1,benign,2026-04-22T20:09:10
uvicorn,0.46.0,benign,2026-04-23T07:16:00
flask-wtf,1.3.0,benign,2026-04-23T07:41:55
wandb,0.26.1,benign,2026-04-23T16:27:34
fastapi,0.136.1,benign,2026-04-23T16:49:42
anthropic,0.97.0,benign,2026-04-23T20:52:34
peewee,4.0.5,benign,2026-04-23T21:17:28
matplotlib,3.10.9,benign,2026-04-24T00:14:13
stripe,15.1.0,benign,2026-04-24T00:18:58
numba,0.65.1,benign,2026-04-24T02:02:56
cryptography,47.0.0,benign,2026-04-24T19:53:03
typer,0.25.0,benign,2026-04-26T08:46:15
pathspec,1.1.1,benign,2026-04-27T01:46:08
greenlet,3.5.0,benign,2026-04-27T13:37:15
semantic-kernel,1.41.3,benign,2026-04-28T03:20:47
scrapy,2.15.2,benign,2026-04-28T13:29:54
openai,2.33.0,benign,2026-04-28T14:04:42
mako,1.3.12,benign,2026-04-28T19:01:10
gitpython,3.1.49,benign,2026-04-29T00:31:20
reportlab,4.5.0,benign,2026-04-29T09:12:26
aiokafka,0.14.0,benign,2026-04-29T10:43:03
dulwich,1.2.1,benign,2026-04-29T15:12:19
boto3,1.43.0,benign,2026-04-29T22:07:46
mistralai,2.4.4,benign,2026-04-30T12:26:38
dagster,1.13.3,benign,2026-04-30T19:37:02
langchain,1.2.17,benign,2026-04-30T20:25:34
braintree,4.43.0,benign,2026-04-30T22:08:24
mailgun,1.7.0,benign,2026-04-30T23:01:10
autogen,0.12.2,benign,2026-05-01T00:20:08
pulumi,3.234.0,benign,2026-05-01T11:46:29
prefect,3.6.29,benign,2026-05-01T21:49:46
jedi,0.20.0,benign,2026-05-01T23:38:47
tox,4.53.1,benign,2026-05-02T08:34:41
moto,5.2.0,benign,2026-05-02T09:32:09
bleak,3.0.2,benign,2026-05-02T23:01:04
