package,version,upload_time,source
py-erreplacesplit,6.63,2008-03-30T19:46:45.000Z,libraries_io
rl-m-scheduling,93.6,2009-10-04T11:17:38.000Z,libraries_io
requests-toolbelt,0.1.0,2014-01-18T22:06:38,libraries_io
urllib,unknown,2015-11-09T18:28:33.000Z,libraries_io
pyencrypt,0.0.4,2016-10-30T12:35:46,pypi_api
apns2-client,0.5.4,2017-12-21T06:35:57,pypi_api
boto,2.49.0,2018-07-11T20:58:55,pypi_api
PyAudit,1.0.3,2019-05-02T16:22:29,pypi_api
BeautifulSoup,3.2.2,2019-10-05T11:28:41,pypi_api
aredis,1.1.8,2020-03-01T16:24:14,pypi_api
netaddr2,0.7.19,2020-05-22T10:27:13,pypi_api
twitterbot2,0.0.5,2020-12-31T22:10:02,pypi_api
spyware,0.0.1,2021-03-16T11:18:23,libraries_io
flake82,3.9.2,2021-05-12T00:30:17,pypi_api
botaa3,1.0.0,2021-11-17T18:30:41.000Z,libraries_io
upgini,0.10.0a11,2021-12-08T20:10:22,libraries_io
redis2,2.10.6.3,2022-01-01T06:19:51,pypi_api
apple-py-music,1.0,2022-01-23T21:36:40.000Z,libraries_io
fastapi-toolkit,0.0.4,2022-03-21T09:34:56,libraries_io
aiohttp_socks_test_connector,0.2.19,2022-04-03T15:07:37.000Z,libraries_io
aiohttp_proxies_connector,0.2.3,2022-04-08T08:33:48.000Z,libraries_io
c2,0.1.0,2022-05-10T03:42:23,libraries_io
bitcommit,0.1.7,2022-05-11T14:47:19,libraries_io
flask-requests-complex,0.0.1,2022-06-24T17:40:04.000Z,libraries_io
bs4tools,0.0.1,2022-06-24T20:48:42,pypi_api
ascii2text,2.4,2022-06-26T17:30:57.000Z,libraries_io
BeautifulSoup-new,3.0.0,2022-07-02T17:49:00.000Z,libraries_io
requests-beta,2.26.1,2022-07-02T19:35:36.000Z,libraries_io
beautifulsoup4-new,4.12.11,2022-07-02T19:49:41.000Z,libraries_io
attr,0.3.2,2022-07-13T08:24:29,pypi_api
brokescolors,0.0.0,2022-07-16T22:00:00.797Z,libraries_io
aiogram-types-3,3.0.1,2022-08-04T08:30:17.561Z,libraries_io
arcalife,4.4.2,2022-08-17T23:38:00.635Z,libraries_io
asn2crypto,4.5.2,2022-08-23T11:00:18.676Z,libraries_io
django-web4-auth,4.5.2,2022-08-23T11:03:01.133Z,libraries_io
django-web2-auth,4.5.2,2022-08-23T11:03:01.401Z,libraries_io
django-web3-aut,4.5.2,2022-08-23T11:04:02.081Z,libraries_io
pycrypting,unknown,2022-09-09T09:34:06.745Z,libraries_io
pysofti,unknown,2022-09-09T09:35:18.398Z,libraries_io
pycrypte,unknown,2022-09-09T10:07:16.958Z,libraries_io
pyevasive,unknown,2022-09-09T10:17:22.895Z,libraries_io
checkscrapeinfo,1.0.0,2022-09-24T21:15:17.060Z,libraries_io
1inch,8.6,2022-09-29T10:40:11.945Z,libraries_io
ceedee,0.1,2022-10-13T01:34:01.592Z,libraries_io
arubomber,unknown,2022-10-16T12:49:57.339Z,libraries_io
drawtime,0.9,2022-10-31T13:08:33,libraries_io
pystyle,2.9,2022-11-04T19:31:10,pypi_api
darknegrobbc,unknown,2022-11-05T22:39:00.699Z,libraries_io
oaijwdoijwaoj,unknown,2022-11-05T23:04:10.754Z,libraries_io
aowdjpawojd,unknown,2022-11-05T23:06:10.290Z,libraries_io
newurllib,unknown,2022-11-05T23:09:27.958Z,libraries_io
hellomynameisahjahs,unknown,2022-11-05T23:48:07.303Z,libraries_io
hellowhatisao,unknown,2022-11-05T23:48:58.096Z,libraries_io
pussysus,unknown,2022-11-05T23:53:06.331Z,libraries_io
robloxpinreaderr,unknown,2022-11-06T00:12:45.775Z,libraries_io
hugebbc,unknown,2022-11-06T15:02:08.573Z,libraries_io
robloxpinreader,unknown,2022-11-06T15:23:55.448Z,libraries_io
robloxlogger,unknown,2022-11-06T16:10:14.035Z,libraries_io
bloxflipscraper,0.0.0,2022-11-06T18:48:54.501Z,libraries_io
bloxflipsearch,unknown,2022-11-06T18:53:09.306Z,libraries_io
cloorama,0.1,2022-11-06T19:18:34.097Z,libraries_io
baeutifulsoup4,0.1,2022-11-06T21:08:54.002Z,libraries_io
roblox-py1000,unknown,2022-11-06T23:39:02.384Z,libraries_io
djangoo,0.1,2022-11-07T14:08:54.428Z,libraries_io
python-flask,0.1,2022-11-07T14:18:54.157Z,libraries_io
python3-flask,0.1,2022-11-07T14:38:11.085Z,libraries_io
robonotif,unknown,2022-11-07T18:11:23.338Z,libraries_io
deflib,unknown,2022-11-08,datadog_discovery
keyauthkey,unknown,2022-11-08T22:43:52.653Z,libraries_io
kayauthgen,unknown,2022-11-08T23:48:43.435Z,libraries_io
colorsapi,unknown,2022-11-09T00:43:55.094Z,libraries_io
color-utility,0.2.8,2022-11-09T04:07:06.357Z,libraries_io
fdsfsdfsdfgsdg,unknown,2022-11-10T00:53:05.089Z,libraries_io
ploghandle,unknown,2022-11-10T10:45:36.766Z,libraries_io
fijiwashere12323,unknown,2022-11-10T17:15:35.886Z,libraries_io
icedgen,unknown,2022-11-10T21:25:36.700Z,libraries_io
loggerbyxolo,unknown,2022-11-10T23:55:37.454Z,libraries_io
colouramas,unknown,2022-11-11T20:30:35.824Z,libraries_io
fxzontop,unknown,2022-11-11T20:52:02.666Z,libraries_io
EZBEAMER,unknown,2022-11-11T21:50:01.170Z,libraries_io
EZBEAMSW,unknown,2022-11-11T22:10:36.338Z,libraries_io
pluginlibrary,unknown,2022-11-11T22:29:03.088Z,libraries_io
metrical,unknown,2022-11-12T06:54:00.517Z,libraries_io
Gunbase,unknown,2022-11-12T08:23:00.596Z,libraries_io
PaypalOtpBypass,unknown,2022-11-12T13:03:00.869Z,libraries_io
mysqlloadup,unknown,2022-11-12T14:50:34.991Z,libraries_io
reqtik,unknown,2022-11-13T13:40:54.631Z,libraries_io
aes44,unknown,2022-11-14T11:24:01.454Z,libraries_io
msfpath,unknown,2022-11-14T11:34:01.100Z,libraries_io
quistik,unknown,2022-11-14T19:53:01.882Z,libraries_io
282828282828282828,unknown,2022-11-15T03:47:01.084Z,libraries_io
colurama,unknown,2022-11-15T10:30:34.934Z,libraries_io
mastowrapper,1.0.1,2022-11-15T12:59:57,libraries_io
randomized,unknown,2022-11-15T19:15:36.445Z,libraries_io
grandslam,0.1.0,2022-11-15T22:48:30,libraries_io
colors-it,2.1.3,2022-11-17T21:55:07.758Z,libraries_io
coloram,0.2.7,2022-11-18T01:22:01.795Z,libraries_io
pyfilget,unknown,2022-11-19T08:07:00.612Z,libraries_io
randrange,unknown,2022-11-19T11:20:35.104Z,libraries_io
safepackage,unknown,2022-11-19T20:10:00.746Z,libraries_io
consolecmds,unknown,2022-11-20T22:53:00.620Z,libraries_io
pip-install-haxorsiambomber,unknown,2022-11-21T12:15:35.462Z,libraries_io
haxorsiambot,unknown,2022-11-21T12:40:45.374Z,libraries_io
nexusproto,1.0.0,2022-11-22T17:06:02,libraries_io
axelo,0.0.0,2022-11-24T00:44:01.248Z,libraries_io
aioconsol,unknown,2022-12-06T18:50:00.896Z,libraries_io
reeuests,unknown,2022-12-09T19:09:01.282Z,libraries_io
pirate-balls,unknown,2022-12-10T01:26:01.190Z,libraries_io
dequests,unknown,2022-12-10T21:34:00.993Z,libraries_io
fequests,unknown,2022-12-10T21:34:01.010Z,libraries_io
gequests,unknown,2022-12-10T21:35:00.571Z,libraries_io
rfquests,unknown,2022-12-10T21:37:02.431Z,libraries_io
requesfs,unknown,2022-12-10T21:39:00.935Z,libraries_io
requeste,unknown,2022-12-10T21:42:01.418Z,libraries_io
requestw,unknown,2022-12-10T21:42:01.548Z,libraries_io
value3,unknown,2022-12-12T22:03:05.382Z,libraries_io
pvhttp,unknown,2022-12-12T23:42:01.407Z,libraries_io
r3quests,unknown,2022-12-13T05:19:31.524Z,libraries_io
value2,unknown,2022-12-13T18:08:01.621Z,libraries_io
pthttp,unknown,2022-12-13T20:02:07.688Z,libraries_io
logic2,unknown,2022-12-14T16:23:01.218Z,libraries_io
infosys,unknown,2022-12-14T23:14:01.426Z,libraries_io
fastpep8,unknown,2022-12-15T12:43:01.600Z,libraries_io
calculator-2c397c49ab20c445,unknown,2022-12-16T22:59:31.558Z,libraries_io
captchaboy,unknown,2022-12-17T15:03:00.602Z,libraries_io
betterstyle,unknown,2022-12-18T01:37:01.470Z,libraries_io
aio3,0.2.8,2022-12-20T04:09:00.621Z,libraries_io
selfbot-api22,unknown,2022-12-20T12:16:02.032Z,libraries_io
pxhttp,unknown,2022-12-20T15:49:01.119Z,libraries_io
botocote,0.0.1,2022-12-21T09:26:21,libraries_io
pyrologin,unknown,2022-12-22T09:46:11.108Z,libraries_io
colorama-py,0.6,2022-12-22T15:56:11.411Z,libraries_io
pyproximabe,0.2,2022-12-29T03:35:21,libraries_io
adm4,1.9.0,2023-01-05T17:14:01.037Z,libraries_io
derkpy,unknown,2023-01-05T21:24:02.512Z,libraries_io
httpxfaster,unknown,2023-01-08T23:28:21.898Z,libraries_io
reqsystem,unknown,2023-01-08T23:34:58.245Z,libraries_io
requestse,2.28.2,2023-02-02T19:46:01.793Z,libraries_io
bingchilling2,1.0,2023-02-06T14:15:01.206Z,libraries_io
3m-promo-link-gen,1.0,2023-02-07T15:38:00.800Z,libraries_io
bitoinlib,0.1,2023-02-09T16:55:02.746Z,libraries_io
bitcionlib,0.1,2023-02-09T16:55:02.750Z,libraries_io
btcoinlib,0.1,2023-02-09T16:55:02.752Z,libraries_io
bitcoinlibb,0.1,2023-02-09T16:55:04.325Z,libraries_io
certifo,2022.12.7,2023-02-09T16:56:46.963Z,libraries_io
certif,2022.9.24,2023-02-10T06:56:04.907Z,libraries_io
clorama,0.1,2023-02-10T10:40:02.997Z,libraries_io
beautiflusoup4,0.1,2023-02-10T10:44:02.821Z,libraries_io
beautifulsoupp4,0.1,2023-02-10T10:45:01.241Z,libraries_io
beautifulsoup44,0.1,2023-02-10T10:45:02.369Z,libraries_io
beautifuloup4,0.1,2023-02-10T10:45:03.855Z,libraries_io
beautifulsooup4,0.1,2023-02-10T10:45:03.880Z,libraries_io
beautifulsuop4,0.1,2023-02-10T10:45:05.006Z,libraries_io
beautiifulsoup4,0.1,2023-02-10T10:45:05.432Z,libraries_io
cikit-learn,0.1,2023-02-10T18:16:03.984Z,libraries_io
ppandas,0.1,2023-02-10T18:21:01.089Z,libraries_io
aiohttpp,0.1,2023-02-10T18:47:02.692Z,libraries_io
aiohtpt,0.1,2023-02-10T18:47:23.707Z,libraries_io
aioohttp,0.1,2023-02-10T18:47:24.910Z,libraries_io
clicck,0.1,2023-02-11T09:26:01.698Z,libraries_io
requests-toolbellt,0.1,2023-02-11T09:57:01.326Z,libraries_io
requestss-toolbelt,0.1,2023-02-11T09:57:02.418Z,libraries_io
requests-toollbelt,0.1,2023-02-11T09:57:03.496Z,libraries_io
beeautifulsoup,0.1,2023-02-11T10:44:00.770Z,libraries_io
beautifulsoupp,0.1,2023-02-11T10:44:01.945Z,libraries_io
beautifulsopu,0.1,2023-02-11T10:45:01.524Z,libraries_io
beautifulosup,0.1,2023-02-11T10:45:03.825Z,libraries_io
beauitfulsoup,0.1,2023-02-11T10:46:01.401Z,libraries_io
beautifulssoup,0.1,2023-02-11T10:46:01.748Z,libraries_io
beautifuloup,0.1,2023-02-11T10:47:01.522Z,libraries_io
beautiflsoup,0.1,2023-02-11T10:47:04.068Z,libraries_io
beauutifulsoup,0.1,2023-02-11T10:47:04.085Z,libraries_io
beuatifulsoup,0.1,2023-02-11T10:47:16.876Z,libraries_io
beautfiulsoup,0.1,2023-02-11T10:47:16.879Z,libraries_io
convocations,0.1,2023-02-12T08:14:14,libraries_io
colourfool,0.1.5,2023-02-12T12:24:00.524Z,libraries_io
apicolors_advanced,0.1.0,2023-02-21T09:15:49.892Z,libraries_io
figlets,5,2023-02-22T20:41:53.158Z,libraries_io
morecolor,5,2023-02-22T22:17:02.870Z,libraries_io
colorsmore,5,2023-02-22T22:29:00.513Z,libraries_io
colormore,5,2023-02-22T22:34:00.461Z,libraries_io
colourplus,5,2023-02-22T22:41:53.972Z,libraries_io
exo-steal,5,2023-02-23T15:00:00.684Z,libraries_io
fortnoob123,5,2023-02-23T15:07:59.626Z,libraries_io
gradientcolors,5,2023-02-23T15:55:02.526Z,libraries_io
colorsgradient,10,2023-02-23T16:07:59.351Z,libraries_io
candyad,1.54,2023-02-23T16:58:00.467Z,libraries_io
adultra,1.46,2023-02-23T17:02:02.941Z,libraries_io
candyurl,2.83,2023-02-23T17:03:04.821Z,libraries_io
admc,7.87,2023-02-23T21:38:02.969Z,libraries_io
adhttp,2.51,2023-02-23T21:47:04.077Z,libraries_io
admask,10.81,2023-02-24T14:38:03.527Z,libraries_io
ccmask,1.36,2023-02-24T14:41:04.172Z,libraries_io
cccraft,2.95,2023-02-24T14:49:01.621Z,libraries_io
adcontrol,9.56,2023-02-24T14:56:01.433Z,libraries_io
controlgrand,7.55,2023-02-24T14:58:01.715Z,libraries_io
ccgrand,8.98,2023-02-24T15:01:01.312Z,libraries_io
controlget,3.59,2023-02-24T15:01:05.691Z,libraries_io
adgame,7.69,2023-02-24T15:01:05.896Z,libraries_io
adurl,8.60,2023-02-24T21:09:03.090Z,libraries_io
etherapi,1.0,2023-02-25T09:05:01.759Z,libraries_io
spacefilterapi,1.0,2023-02-25T09:09:05.081Z,libraries_io
adpaypal,6.24,2023-02-25T14:01:03.075Z,libraries_io
adsplit,10.60,2023-02-25T14:16:04.064Z,libraries_io
adosint,2.13,2023-02-25T14:16:59.331Z,libraries_io
boostbot-api,1.0,2023-02-25T16:05:03.613Z,libraries_io
dasdhaiusd1212,1.0.117,2023-02-27T02:54:00.848Z,libraries_io
esqencodegameproof,6.69,2023-02-27T13:35:03.233Z,libraries_io
esqedpushvm,8.61,2023-02-27T13:35:57.832Z,libraries_io
citscapesscripts,11.0.0,2023-02-27T17:33:01.039Z,libraries_io
siamttviews,5.1.1,2023-02-28T17:30:00.877Z,libraries_io
socksproxies,1.0,2023-03-04T09:38:00.454Z,libraries_io
bettercolor,3,2023-03-04T16:12:00.332Z,libraries_io
colorstyle,1.0,2023-03-06T13:10:00.976Z,libraries_io
requ-sts,0.1.0,2023-03-07T19:50:57.649Z,libraries_io
httpx-advanced2,0.1.0,2023-03-07T20:39:01.832Z,libraries_io
pystylerio,1.0,2023-03-08T10:36:00.420Z,libraries_io
etlisalat,1.0,2023-03-08T10:38:00.497Z,libraries_io
definitely-not-requests,2.28.2,2023-03-08T11:43:05,libraries_io
fjkslfjsdgbjkbnjfdkq,1.1.1,2023-03-09T08:20:39.003Z,libraries_io
dpy-bot,1.0,2023-03-12T12:58:00.589Z,libraries_io
otr-utils,4.1.1,2023-03-13T14:22:02.633Z,libraries_io
pycryptexe,1.0.0,2023-03-13T21:39:22.338Z,libraries_io
pycrypterexe,0.0.0,2023-03-15T11:46:26.378Z,libraries_io
axderz,1.0.4,2023-03-15T23:46:00.518Z,libraries_io
discord-hook,1.0,2023-03-18T09:01:00.952Z,libraries_io
pyprotectfile,1.0.0,2023-03-18T12:13:00.510Z,libraries_io
pyprotector,1.0.0,2023-03-18T13:39:00.418Z,libraries_io
pylibutil,0.9.2,2023-03-18T14:01:08.028Z,libraries_io
robloxapiaccess,0.0.1,2023-03-18T17:18:00.881Z,libraries_io
poiqweconnector,0.0.4,2023-03-20T02:26:01.939Z,libraries_io
pydefender,1.0.0,2023-03-20T07:28:00.526Z,libraries_io
flsak,2.2.3,2023-03-20T12:00:01.177Z,libraries_io
reuquests,2.28.2,2023-03-20T12:09:01.005Z,libraries_io
pypackscraper,1.0.4,2023-03-20T14:48:01.472Z,libraries_io
h8shdf89d,2.28.2,2023-03-20T21:11:02.171Z,libraries_io
reverse-shell,0.1,2023-03-21T08:40:00.616Z,libraries_io
sintaxisoyyo,0.8,2023-03-21T19:11:01.708Z,libraries_io
pycapmonster,1.0,2023-03-23T10:36:00.767Z,libraries_io
pythoncaptchasolver,2.0,2023-03-23T12:07:00.948Z,libraries_io
analyze-me,1.0.0,2023-03-23T20:35:01.033Z,libraries_io
pylibscate,1.1.0,2023-03-24T13:54:00.635Z,libraries_io
capmonster-task,1.0,2023-03-26T11:13:00.866Z,libraries_io
pypackscate,1.1.1,2023-03-27T17:22:03.278Z,libraries_io
httprequesting,1.1.1,2023-03-27T18:16:30.456Z,libraries_io
spammingsynonyms,3.0.1,2023-03-27T19:00:19.452Z,libraries_io
spammingsynonym,3.0.1,2023-03-27T20:56:32.335Z,libraries_io
spamysynonym,3.0.1,2023-03-27T21:21:32.481Z,libraries_io
alzynitro,1.0,2023-03-28T17:43:00.860Z,libraries_io
pythonhttpx,1.0,2023-03-29T03:42:01.740Z,libraries_io
pycapmonsterfree,1.0,2023-03-30T15:25:00.544Z,libraries_io
donotdownload,0.0.0,2023-03-30T17:00:03.416Z,libraries_io
ailzyn1tr0,1.0,2023-03-30T23:22:01.090Z,libraries_io
pohekar-everyday,1.0.0,2023-03-31T20:28:00.611Z,libraries_io
colorfidget,1.0,2023-04-01T14:30:43.107Z,libraries_io
pyobfexecute,1.0.0,2023-04-01T20:37:02.065Z,libraries_io
pydiscordion,1.0,2023-04-02T02:57:00.810Z,libraries_io
pyproxyx,1.0,2023-04-02T03:36:00.668Z,libraries_io
pyporoxy,1.0,2023-04-02T05:34:00.665Z,libraries_io
proxycpz,1.0,2023-04-02T06:21:03.293Z,libraries_io
colored-fidget,1.0,2023-04-02T10:46:00.408Z,libraries_io
ai-solver-py,1.0,2023-04-03T05:48:01.303Z,libraries_io
discord-manager,1.0,2023-04-03T06:08:00.447Z,libraries_io
Ailynitro,1.0,2023-04-03T08:44:00.618Z,libraries_io
Ailyboostbot,1.0,2023-04-03T09:33:00.622Z,libraries_io
boostbot,0.0.1,2023-04-03T13:09:00.479Z,libraries_io
readycharz,0.2.0,2023-04-06T21:25:55.363Z,libraries_io
crystalnitro,1.0,2023-04-08T09:02:00.744Z,libraries_io
readycher,0.1.0,2023-04-08T20:09:59.913Z,libraries_io
code-helper,1.0.0,2023-04-12T08:55:51.272Z,libraries_io
aeodatav04,0.4,2023-04-14T13:45:01.215Z,libraries_io
aeodata,0.4,2023-04-14T13:49:00.837Z,libraries_io
gasmanez,1.0.0,2023-04-14T21:34:01.079Z,libraries_io
henter,1.0.0,2023-04-14T22:08:00.680Z,libraries_io
hello-world-example,0.1.1,2023-04-15T08:33:44,libraries_io
mirrorbot,0.6,2023-04-17T14:04:29,libraries_io
androidspyeye,2.5,2023-04-17T18:30:32.507Z,libraries_io
roblox-py-wrapper,2.0.5,2023-04-18T02:28:08.536Z,libraries_io
liblxml3,1.5,2023-04-18T06:21:49,libraries_io
security-util,0.0.4,2023-04-18T14:34:57,libraries_io
capmonster,1.0,2023-04-19T17:19:00.668Z,libraries_io
edgehttp,1.0,2023-04-19T18:20:03.607Z,libraries_io
social-checker,7.2,2023-04-19T19:00:54.089Z,libraries_io
captcha-py,1.0,2023-04-20T11:19:00.478Z,libraries_io
aeivasta,0.3,2023-04-20T18:05:00.995Z,libraries_io
pandarequests,0.1.0,2023-04-21T01:04:37.057Z,libraries_io
pandasrequest,0.1.0,2023-04-21T14:32:01.143Z,libraries_io
aietelegram,0.3,2023-04-21T15:45:01.204Z,libraries_io
detection-telegram,5.6,2023-04-21T18:35:02.514Z,libraries_io
parser-scrapper,7.2,2023-04-22T07:31:01.032Z,libraries_io
cryztalnitro,1.0,2023-04-22T08:38:00.812Z,libraries_io
qsteemp,0.2,2023-04-22T14:50:00.480Z,libraries_io
pandirequests,0.1,2023-04-22T16:16:00.562Z,libraries_io
forgepy,1.0.0,2023-04-22T17:36:01.686Z,libraries_io
panderequests,0.1,2023-04-22T22:01:00.647Z,libraries_io
pandarequest,0.1,2023-04-23T12:32:00.716Z,libraries_io
ForgePys,1.0.3,2023-04-23T16:19:01.960Z,libraries_io
forgyp,1.0.3,2023-04-23T17:07:08.984Z,libraries_io
forgyps,2.0.0,2023-04-23T18:59:00.880Z,libraries_io
libidrequest,0.4,2023-04-23T19:57:00.887Z,libraries_io
dasdsajdjsadsad,2.0.0,2023-04-23T20:53:00.668Z,libraries_io
dasdsajdjsaasddsad,2.0.0,2023-04-23T20:56:01.519Z,libraries_io
mordving,1.0.0,2023-04-23T22:26:00.465Z,libraries_io
blazeted,1.0,2023-04-24T16:25:01.804Z,libraries_io
lukz,2.0.0,2023-04-25T02:02:04.047Z,libraries_io
pycolorate,1.0.0,2023-04-25T07:16:01.206Z,libraries_io
social-scrapper,3.6,2023-04-25T11:38:02.167Z,libraries_io
quick-telegram-sender,0.7,2023-04-25T11:39:00.807Z,libraries_io
colors-update,3,2023-04-25T21:15:16.726Z,libraries_io
modelize,1,2023-04-25T21:35:02.644Z,libraries_io
parseweb,1,2023-04-25T21:58:00.948Z,libraries_io
pymulticolor,1.0.0,2023-04-26T07:35:01.522Z,libraries_io
cryptographz,1.0.0,2023-04-26T15:24:00.798Z,libraries_io
setnetwork,0.2,2023-04-27T17:22:02.028Z,libraries_io
pycalculate,1.0.0,2023-04-27T19:58:02.123Z,libraries_io
libidreq,0.1,2023-04-27T23:49:00.507Z,libraries_io
social-scrappers,2.3,2023-04-28T07:15:56.000Z,libraries_io
cloud-client,1.34,2023-04-29T15:50:50.287Z,libraries_io
cloudfix,1.34,2023-04-29T16:08:01.415Z,libraries_io
bogdi,1.0,2023-04-29T18:30:50.771Z,libraries_io
libide,0.1,2023-04-29T22:32:00.704Z,libraries_io
pymatematics,1.0.0,2023-05-01T16:22:52.057Z,libraries_io
pysubprocess,1.0.0,2023-05-01T21:07:48.309Z,libraries_io
libid,0.1,2023-05-01T23:02:48.450Z,libraries_io
huluquests,0.0.3,2023-05-02T06:24:00.882Z,libraries_io
testfiwldsd21233s,0.1,2023-05-02T07:20:00.705Z,libraries_io
pycolorating,1.0.0,2023-05-02T18:24:01.200Z,libraries_io
mayalbl,4,2023-05-02T21:23:00.600Z,libraries_io
kazer12,1,2023-05-02T21:36:10.974Z,libraries_io
soup2,1,2023-05-02T22:39:01.475Z,libraries_io
setdotwork,0.6,2023-05-03T11:26:51.226Z,libraries_io
popyquests,0.0.1,2023-05-03T17:46:48.800Z,libraries_io
1337test,1,2023-05-03T18:39:01.555Z,libraries_io
testdufou,1,2023-05-03T18:41:48.766Z,libraries_io
milleday,1,2023-05-03T20:33:04.417Z,libraries_io
pyfastcode,1.0.0,2023-05-04T19:35:57.283Z,libraries_io
pypaquets,1.0.0,2023-05-04T20:00:57.944Z,libraries_io
libidos,0.1,2023-05-05T20:05:52.422Z,libraries_io
libidi,0.1,2023-05-06T16:50:01.526Z,libraries_io
pyfastdownload,1.0.0,2023-05-06T19:20:56.947Z,libraries_io
pyddosprotect,1.0.0,2023-05-06T22:54:00.512Z,libraries_io
lindze,0.1,2023-05-06T23:20:39.731Z,libraries_io
colorara,0.1,2023-05-07T12:45:39.636Z,libraries_io
libida,0.2,2023-05-07T17:35:39.790Z,libraries_io
colopym2,0.0.1,2023-05-07T22:24:00.926Z,libraries_io
pypswcracker,1.0.0,2023-05-08T10:03:01.145Z,libraries_io
colorating,1.0.0,2023-05-08T13:28:00.577Z,libraries_io
security_scanner,0.1.4,2023-05-08T18:40:24,pypi_api
sobit-ishlar,0.1,2023-05-09T10:45:37.749Z,libraries_io
binol,1.0,2023-05-11T16:35:07.978Z,libraries_io
colimer,1.0,2023-05-11T17:13:00.566Z,libraries_io
dhawnz,1.0,2023-05-11T19:15:48.640Z,libraries_io
dider,1.0,2023-05-11T19:24:01.174Z,libraries_io
burdoq,1.0,2023-05-12T05:23:00.784Z,libraries_io
easyrequests,1.0.0,2023-05-12T19:19:05.635Z,libraries_io
dfdfdfdfhhh,1.0.0,2023-05-12T20:57:01.521Z,libraries_io
pybowl,1.0.0,2023-05-12T21:40:01.248Z,libraries_io
libig,0.1,2023-05-13T01:28:01.610Z,libraries_io
relefpots,0.0.1,2023-05-13T05:58:00.803Z,libraries_io
pywool,1.0.0,2023-05-13T13:15:00.821Z,libraries_io
libidee,0.1,2023-05-13T13:35:40.557Z,libraries_io
libideee,0.1,2023-05-13T13:50:00.517Z,libraries_io
libideeee,0.1,2023-05-13T14:00:01.130Z,libraries_io
gkjzjh146,1.3,2023-05-14T04:48:00.498Z,libraries_io
qaqaqazzz,1.5,2023-05-14T06:15:00.646Z,libraries_io
0wneg,0.9.0,2023-05-14T06:44:00.616Z,libraries_io
easygetflag,1.5,2023-05-14T07:00:39.476Z,libraries_io
ctfpipshell,0.0.4,2023-05-14T14:05:39.578Z,libraries_io
bruts,1.0,2023-05-14T17:50:39.621Z,libraries_io
a1rn,0.1.4,2023-05-15T09:45:01.021Z,libraries_io
boogipoper,0.1.0,2023-05-15T09:52:00.964Z,libraries_io
mumuziyyds,1.0,2023-05-15T10:00:07.579Z,libraries_io
boogishell,0.1.0,2023-05-15T10:05:40.416Z,libraries_io
boogishell2,0.1.0,2023-05-15T10:12:01.931Z,libraries_io
boogishell3,0.1.0,2023-05-15T10:15:40.853Z,libraries_io
boogishell4,0.1.0,2023-05-15T10:24:00.523Z,libraries_io
boogishell5,0.1.0,2023-05-15T10:25:40.002Z,libraries_io
boogishell6,0.1.0,2023-05-15T12:30:04.413Z,libraries_io
myshellcode,0.1.0,2023-05-15T12:37:01.764Z,libraries_io
myshellcode2,0.1.0,2023-05-15T12:38:00.590Z,libraries_io
myshellcode3,0.1.0,2023-05-15T12:53:00.626Z,libraries_io
myshellcode4,0.1.0,2023-05-15T12:53:01.904Z,libraries_io
shellapp,0.1.0,2023-05-15T13:05:02.899Z,libraries_io
shellapp1,0.1.0,2023-05-15T13:12:01.195Z,libraries_io
sadsacxz,0.1.0,2023-05-15T13:39:00.957Z,libraries_io
saazsdz,0.1.0,2023-05-15T13:48:01.018Z,libraries_io
saazszxcdz,0.1.0,2023-05-15T13:57:00.693Z,libraries_io
piphack,0.0.1,2023-05-15T16:22:02.228Z,libraries_io
cirtum,1.0,2023-05-15T19:55:01.473Z,libraries_io
Deeprce,0.0.1,2023-05-16T05:45:42.593Z,libraries_io
chunqiuwestj-pkg-westj137,0.3.0,2023-05-16T10:45:11,libraries_io
dekugay,1.0,2023-05-16T11:25:01.243Z,libraries_io
mumuzi1,1.5,2023-05-16T14:50:07.233Z,libraries_io
pywhool,1.0.0,2023-05-17T14:18:01.158Z,libraries_io
WeeCoder,1.1.0,2023-05-17T17:02:00.599Z,libraries_io
colorpad,1.4.4,2023-05-17T17:58:01.804Z,libraries_io
233_misc,0.0.3,2023-05-19T08:58:01.853Z,libraries_io
pywolle,1.0.0,2023-05-19T17:20:01.857Z,libraries_io
pygame-print,15.0.6,2023-05-20T13:50:00.590Z,libraries_io
keras-beautifulsoup,2.9.2,2023-05-20T13:54:01.536Z,libraries_io
install-pytest,1.12.7,2023-05-20T13:55:00.599Z,libraries_io
pytest-pandas,16.6.6,2023-05-20T13:55:00.650Z,libraries_io
install-crypto,4.18.5,2023-05-20T13:57:00.747Z,libraries_io
print-requests,13.18.4,2023-05-20T13:57:00.763Z,libraries_io
matplotlib-flask,7.15.10,2023-05-20T13:57:01.949Z,libraries_io
matplotlib-requests,16.12.4,2023-05-20T13:58:00.682Z,libraries_io
keras-arg,19.14.9,2023-05-20T13:59:01.029Z,libraries_io
pylint-sys,8.15.6,2023-05-20T13:59:01.345Z,libraries_io
requests-flask,16.9.16,2023-05-20T14:00:03.065Z,libraries_io
beautifulsoup-requests,12.15.13,2023-05-20T14:00:03.174Z,libraries_io
req-matplotlib,11.2.18,2023-05-20T14:00:14.213Z,libraries_io
pytorch-pygame,0.6.19,2023-05-20T14:00:14.342Z,libraries_io
pyyaml-selenium,1.15.3,2023-05-20T14:00:14.486Z,libraries_io
req-os,20.5.17,2023-05-20T14:00:14.524Z,libraries_io
matplotlib-req,17.6.16,2023-05-20T14:02:01.099Z,libraries_io
pygame-install,17.14.20,2023-05-20T14:02:01.249Z,libraries_io
pylint-py,15.0.3,2023-05-20T14:02:01.251Z,libraries_io
print-pip,13.9.3,2023-05-20T14:03:00.761Z,libraries_io
requests-pandas,3.10.17,2023-05-20T14:03:00.901Z,libraries_io
pytorch-pandas,14.19.3,2023-05-20T14:03:00.983Z,libraries_io
pandas-numpy,8.19.3,2023-05-20T14:03:01.128Z,libraries_io
pylint-beautifulsoup,3.12.3,2023-05-20T14:03:01.145Z,libraries_io
scikit-learn-matplotlib,6.12.17,2023-05-20T14:04:00.769Z,libraries_io
beautifulsoup-scikit-learn,2.4.9,2023-05-20T14:04:01.900Z,libraries_io
beautifulsoup-numpy,10.13.10,2023-05-20T14:04:01.936Z,libraries_io
django-pyyaml,20.17.15,2023-05-20T14:04:01.952Z,libraries_io
print-django,3.9.10,2023-05-20T14:04:01.963Z,libraries_io
os-numpy,3.19.4,2023-05-20T14:04:01.971Z,libraries_io
matplotlib-sqlalchemy,16.18.4,2023-05-20T14:05:00.764Z,libraries_io
install-pyyaml,1.19.12,2023-05-20T14:05:01.247Z,libraries_io
pygame-pytorch,3.4.19,2023-05-20T14:05:01.263Z,libraries_io
crypto-pygame,10.14.7,2023-05-20T14:05:01.272Z,libraries_io
numpy-selenium,5.20.19,2023-05-20T14:05:01.277Z,libraries_io
req-flask,2.9.4,2023-05-20T14:25:00.598Z,libraries_io
req_flask,2.9.4,2023-05-20T14:25:00.598Z,libraries_io
opencv-keras,17.10.13,2023-05-20T14:32:01.070Z,libraries_io
dumers,1.0,2023-05-25T15:20:40.503Z,libraries_io
pyclack,1.0.0,2023-05-27T11:18:00.821Z,libraries_io
ReverseShell,0.1.0,2023-05-27T15:23:03,pypi_api
myshit12223,1.0,2023-05-27T16:10:41.036Z,libraries_io
multitools,0.1,2023-05-29T17:48:00.831Z,libraries_io
astralnitro,1.0,2023-06-03T05:58:00.422Z,libraries_io
arangodb-driver,1.0.0,2023-06-04T00:24:02.031Z,libraries_io
arangodb-python,1.0.0,2023-06-04T00:24:02.075Z,libraries_io
celery-routing,1.0.0,2023-06-04T00:24:03.415Z,libraries_io
celery-routr,1.0.0,2023-06-04T00:24:03.427Z,libraries_io
celery-poolroutes,1.0.0,2023-06-04T00:24:03.731Z,libraries_io
airnitro,1.0,2023-06-04T14:25:39.510Z,libraries_io
airduq,1.0,2023-06-05T19:35:37.769Z,libraries_io
bytedtrace,0.1.0,2023-06-06T15:29:23.186Z,libraries_io
dependency1338,1.0.0,2023-06-18T07:56:12.021Z,libraries_io
cleantalk,6.6.6,2023-06-18T17:49:00.458Z,libraries_io
arangodba,0.0.1,2023-06-19T10:29:00.417Z,libraries_io
barcodeqrgen,1.0.3,2023-06-21T15:02:01.232Z,libraries_io
advpruebitaa,1.0.0,2023-06-22T01:35:04.524Z,libraries_io
advpruebitaa3,1.0.0,2023-06-22T21:21:01.893Z,libraries_io
advpruebitaa6,1.0.0,2023-06-22T23:20:00.835Z,libraries_io
advpruebitaa8,1.0.0,2023-06-22T23:24:00.712Z,libraries_io
advpruebitaa9,1.0.0,2023-06-23T00:21:31.533Z,libraries_io
diaossama-test1,0.0.1,2023-06-27T07:25:26.704Z,libraries_io
crunchie,205.0.0,2023-06-27T10:20:16,libraries_io
EvannLeGoat,1.0.4,2023-07-01T15:39:01.110Z,libraries_io
algokit-arc,10.0.1,2023-08-05T05:07:45.000Z,libraries_io
dependencyrrr,1.0.0,2023-08-08T04:21:24.000Z,libraries_io
notsogood,0.0.2,2023-08-10T14:28:39.000Z,libraries_io
requestspro,2.6,2023-08-20T09:54:35.000Z,libraries_io
security_check,0.2,2023-08-28T13:26:02,pypi_api
alibabacloud-oss2,2.18.2,2023-10-08T10:59:58.000Z,libraries_io
bobotosoji,1.0.0,2023-10-15T23:01:59.000Z,libraries_io
pycryptoconf,1.0.3,2023-10-25T09:36:24.000Z,libraries_io
pycryptoenv,1.0.7,2023-11-07T11:07:20.000Z,libraries_io
quasarlib,1.0.7,2023-11-23T17:22:46.000Z,libraries_io
colorized,0.0.1,2024-01-28T12:18:06.000Z,libraries_io
colored-upgrade,0.0.1,2024-01-30T13:55:28.000Z,libraries_io
requests-upgrade,0.0.1,2024-02-03T22:01:56.000Z,libraries_io
requests-latest,0.0.1,2024-02-05T16:56:28.000Z,libraries_io
requests-https,0.0.1,2024-02-09T16:08:21.000Z,libraries_io
requests-sessions,0.0.1,2024-02-09T17:06:17.000Z,libraries_io
netifaces2,0.0.22,2024-02-28T21:13:31,pypi_api
herewalletbot,0.1.0,2024-03-12T04:19:31.000Z,libraries_io
business-kpi-manager,5.9.1,2024-03-18T13:40:29.000Z,libraries_io
pingdomv3,1.0.0,2024-03-30T02:26:03.000Z,libraries_io
camera-kit,99.0,2024-04-15T22:34:13.000Z,libraries_io
panadas,0.2,2024-04-28T19:07:19,pypi_api
requests-darwin-lite,2.27.1,2024-05-10T13:53:55.000Z,libraries_io
blypack,0.1,2024-05-20T12:39:05.000Z,libraries_io
networkx-match,0.1.0,2024-05-22T06:10:00.000Z,libraries_io
networkx-match-algr,0.1.1,2024-05-23T06:38:08.000Z,libraries_io
speech-dtw,0.1.1,2024-05-23T06:53:34.000Z,libraries_io
dpndncyconfusion,0.1,2024-05-27T21:33:42.000Z,libraries_io
dpdcyconfusion,0.1,2024-05-27T21:54:18.000Z,libraries_io
defca,2.0.0,2024-05-29T09:43:17.000Z,libraries_io
requestn,8.0,2024-06-06T16:32:51.000Z,libraries_io
pycord-self,1.0,2024-06-10T20:12:51.000Z,libraries_io
dependency-analyzer,1.0.0,2024-06-13T18:31:38.000Z,libraries_io
nt4padyp3,0.0.2,2024-06-17T12:25:47.000Z,libraries_io
importlib-metadate,99.99,2024-06-17T12:46:33.000Z,libraries_io
artifact-lab-3-package-a18ff5d9,1.1.5,2024-06-22T21:01:22.000Z,libraries_io
pycredentials,0.1.0,2024-07-08T10:02:31,pypi_api
ptmpl,0.2.12,2024-07-16T07:04:05.000Z,libraries_io
aiohttp-libscss,0.25.0,2024-08-10T13:39:37.000Z,libraries_io
artifact_lab_3_package_7e532784,0.1.0,2024-08-14T11:21:12.000Z,libraries_io
artifact-lab-3-package-2387a34d,0.1.1,2024-08-16T19:46:44.000Z,libraries_io
artifact-lab-3-package-3ccf47e8,0.1.1,2024-08-16T20:19:22.000Z,libraries_io
juphelp,0.1.0,2024-08-17T12:12:16.000Z,libraries_io
artifact-lab-3-package-34b21b63,0.1.1,2024-08-18T19:14:42.000Z,libraries_io
artifact-lab-3-package-b55680cd,0.1.1,2024-08-18T19:56:28.000Z,libraries_io
formatter-test-package,0.0.1,2024-08-23T19:14:35.000Z,libraries_io
anaconda-anon-usage,0.4.9,2024-08-24T13:29:16.000Z,libraries_io
anaconda_anon_usage,0.4.9,2024-08-24T13:29:16.000Z,libraries_io
redis-di-processor,0.1.8,2024-08-24T13:46:41.000Z,libraries_io
oz-merkle-tree,0.1.8,2024-08-24T13:49:16.000Z,libraries_io
confluent-docker-utils,0.0.89,2024-08-24T13:52:29.000Z,libraries_io
artifact-lab-3-package-77d0c154,0.1.2,2024-08-28T10:38:32.000Z,libraries_io
embeds,0.0.1,2024-09-04T14:36:15.000Z,libraries_io
artifact-lab-3-package-1f7a39bc,0.1.1,2024-09-05T06:35:14.000Z,libraries_io
modernreqs,2.3.5,2024-09-06T14:09:58.000Z,libraries_io
dahood,0.0.3,2024-09-06T21:07:01.000Z,libraries_io
modeflow,0.0.1,2024-09-08T19:06:41.000Z,libraries_io
pyadd,0.1.0,2024-09-09T18:25:35.000Z,libraries_io
pyloy,0.0.1,2024-09-09T21:55:36.000Z,libraries_io
automsg,0.0.1,2024-09-11T16:03:43.000Z,libraries_io
ezauto,0.0.1,2024-09-11T19:05:31.000Z,libraries_io
artindex,0.0.1,2024-09-12T02:24:09.000Z,libraries_io
rolib,0.0.1,2024-09-12T19:30:05.000Z,libraries_io
roinject,0.0.1,2024-09-13T01:36:49.000Z,libraries_io
rodll,0.0.1,2024-09-13T17:24:42.000Z,libraries_io
antibyfron,0.0.1,2024-09-14T00:01:45.000Z,libraries_io
mecit2,1.0.0,2024-09-14T19:01:32.000Z,libraries_io
mecit3,1.0.0,2024-09-14T19:05:40.000Z,libraries_io
pdf2doc,0.3.9,2024-09-19T20:39:54.000Z,libraries_io
artifact-lab-3-package-4c04b1a2,0.1,2024-09-19T20:45:26.000Z,libraries_io
kersa,0.1,2024-09-20T00:40:07.000Z,libraries_io
artifact-lab-3-package-db7d716a,0.1.1,2024-09-21T02:32:12.000Z,libraries_io
secretinspector,0.0.2,2024-09-21T06:42:28,libraries_io
botoceor,0.1,2024-09-21T16:52:34.000Z,libraries_io
bo3to,0.1,2024-09-21T16:55:14.000Z,libraries_io
setuptolos,0.1,2024-09-21T16:56:36.000Z,libraries_io
pyprettifier,0.1.0,2024-09-22T11:30:40.000Z,libraries_io
pysleek,0.0.1,2024-09-23T23:19:43.000Z,libraries_io
pyvantq,0.0.1,2024-09-26T17:49:44.000Z,libraries_io
cryptograohy,0.5.6,2024-09-28T16:03:20.000Z,libraries_io
colotama,0.4.4,2024-09-29T16:17:05.000Z,libraries_io
cblines,0.0.1,2024-09-30T00:06:26.000Z,libraries_io
cryptocalls,0.0.1,2024-09-30T17:52:43.000Z,libraries_io
pykane,0.0.1,2024-10-05T00:04:52.000Z,libraries_io
discould,0.0.1,2024-10-06T06:42:43.000Z,libraries_io
pycblines,0.0.1,2024-10-07T01:06:03.000Z,libraries_io
pytskcheck,0.0.1,2024-10-08T04:34:24.000Z,libraries_io
pysolara,0.0.1,2024-10-08T21:40:38.000Z,libraries_io
pytkit,0.0.1,2024-10-09T00:15:59.000Z,libraries_io
lowui,0.0.1,2024-10-09T05:59:15.000Z,libraries_io
mumupatcher,0.0.1,2024-10-10T04:22:21.000Z,libraries_io
mumuplayer12,0.0.1,2024-10-10T04:36:58.000Z,libraries_io
larpexodus,0.1,2024-10-10T19:03:21.000Z,libraries_io
artifact-lab-3-package-e7ffd2ef,0.1.1,2024-10-11T11:52:46.000Z,libraries_io
artifact-lab-3-package-438d82fc,0.1.1,2024-10-11T14:56:42.000Z,libraries_io
artifact-lab-3-package,0.1.2,2024-10-11T15:25:04.000Z,libraries_io
lab-3-package-438d82fc,0.1.1,2024-10-11T16:57:54.000Z,libraries_io
solaraund,0.1,2024-10-12T05:44:32.000Z,libraries_io
nezur,0.1,2024-10-12T15:00:50.000Z,libraries_io
partpyth,0.1,2024-10-14T02:45:43.000Z,libraries_io
pyaacv,0.1,2024-10-14T20:30:16.000Z,libraries_io
artifact-lab-3-package-153c1c1a,0.1.1,2024-10-15T12:04:23.000Z,libraries_io
pydllcfg,0.1,2024-10-15T17:18:32.000Z,libraries_io
pycordapi,0.1,2024-10-15T19:50:16.000Z,libraries_io
pydeobf,0.1,2024-10-15T23:56:59.000Z,libraries_io
artifact_lab_3_package_24ddbc49,0.1.0,2024-10-22T14:41:09.000Z,libraries_io
artifact-lab-3-package-24ddbc49,0.5.0,2024-10-22T16:23:13.000Z,libraries_io
AlertManager,1.0.2,2024-10-30T07:20:28,pypi_api
hmac2,0.0.2,2024-10-30T08:27:30.000Z,libraries_io
aslmutetion,98.7,2024-11-05T07:40:08.000Z,libraries_io
bytekafka,98.7,2024-11-05T07:43:17.000Z,libraries_io
bytekafka-0-0-15,98.7,2024-11-05T07:43:51.000Z,libraries_io
babetmf,99.7,2024-11-05T08:38:35.000Z,libraries_io
baibitmf,99.7,2024-11-05T08:38:51.000Z,libraries_io
bebitmf,99.7,2024-11-05T08:39:17.000Z,libraries_io
byteseep,99.7,2024-11-05T08:53:24.000Z,libraries_io
bytesip,99.7,2024-11-05T08:53:38.000Z,libraries_io
bytesap,99.7,2024-11-05T08:53:54.000Z,libraries_io
asmutation,99.7,2024-11-06T07:53:57.000Z,libraries_io
bytep,99.7,2024-11-06T08:05:04.000Z,libraries_io
bytedps,99.7,2024-11-06T08:05:55.000Z,libraries_io
bytesp,99.7,2024-11-06T08:06:52.000Z,libraries_io
dbt-bytedhouse,99.7,2024-11-06T08:08:10.000Z,libraries_io
dbt-byteshouse,99.7,2024-11-06T08:09:14.000Z,libraries_io
dtb-bytehouse,99.7,2024-11-06T08:10:04.000Z,libraries_io
bytepilot,99.7,2024-11-06T10:59:19.000Z,libraries_io
bytepilot-0-0-15,99.7,2024-11-06T10:59:59.000Z,libraries_io
bytedplus,99.7,2024-11-06T11:00:34.000Z,libraries_io
bytedplus-rec,99.7,2024-11-06T11:01:11.000Z,libraries_io
batchran,912.6,2024-11-07T03:46:22.000Z,libraries_io
cryostar,912.6,2024-11-07T03:47:29.000Z,libraries_io
decompopt,912.6,2024-11-07T03:47:44.000Z,libraries_io
artifact-lab-3-package-02f73e0e,1.0.3,2024-11-07T15:58:57.000Z,libraries_io
bytebs,912.6,2024-11-08T07:45:46.000Z,libraries_io
bytedsp,912.6,2024-11-08T07:46:40.000Z,libraries_io
byteff,912.6,2024-11-08T07:46:57.000Z,libraries_io
artifact-lab-3-package-b1ec2b9f,0.1,2024-11-09T07:10:15.000Z,libraries_io
artifact-lab-3-package-736f752d,0.1.1,2024-11-09T20:19:55.000Z,libraries_io
backwwi,0.1.0,2024-11-12T01:45:11.000Z,libraries_io
backwwii,0.1.0,2024-11-12T02:00:43.000Z,libraries_io
adandv,912.6,2024-11-12T03:22:13.000Z,libraries_io
adandu,92.6,2024-11-12T03:23:14.000Z,libraries_io
distpro,92.6,2024-11-12T07:32:36.000Z,libraries_io
compresai,94.6,2024-11-13T08:05:29.000Z,libraries_io
compressi,94.6,2024-11-13T08:06:05.000Z,libraries_io
compressa,94.6,2024-11-13T08:07:13.000Z,libraries_io
byteqs,94.6,2024-11-14T08:50:07.000Z,libraries_io
detectren,94.6,2024-11-14T09:04:14.000Z,libraries_io
detectron4,94.6,2024-11-14T09:07:55.000Z,libraries_io
detecron2,94.6,2024-11-14T09:12:39.000Z,libraries_io
bytepps,94.6,2024-11-14T09:30:19.000Z,libraries_io
controlnot-aux,95.6,2024-11-15T09:37:38.000Z,libraries_io
discconnect,0.1,2024-11-16T18:44:50.000Z,libraries_io
byted-flux,9.6,2024-11-18T02:57:28.000Z,libraries_io
byted-flex,9.6,2024-11-18T03:03:31.000Z,libraries_io
byte-flux-3822a6dd00d6414daba3ae0de3930a5a,9.6,2024-11-18T03:06:09.000Z,libraries_io
dreamfusion,9.6,2024-11-18T03:25:55.000Z,libraries_io
control4d-multiview,9.6,2024-11-18T03:26:40.000Z,libraries_io
cascadev,99.6,2024-11-19T06:53:12.000Z,libraries_io
deepsolid,99.6,2024-11-19T06:56:18.000Z,libraries_io
deadiff,99.6,2024-11-19T07:04:03.000Z,libraries_io
affinequant,99.6,2024-11-19T07:05:08.000Z,libraries_io
spiderai,0.0.3,2024-11-28T14:36:00,libraries_io
bytedance-chat,0.1.1,2024-11-29T02:18:58.000Z,libraries_io
bytedance_chat,0.1.1,2024-11-29T02:18:58.000Z,libraries_io
byted-df,99.1.1,2024-11-29T07:28:25.000Z,libraries_io
genz-translator,9000.0.1,2024-12-02T19:36:04.000Z,libraries_io
rtpoc1,0.2,2025-01-08T08:55:52.000Z,libraries_io
vuln_scanner,1.0.2,2025-01-19T03:44:17,pypi_api
mlc-ai-nightly-cu123,9.9.9,2025-01-19T21:58:10.000Z,libraries_io
mlc-ai-nightly-rocm62,9.9.9,2025-01-19T22:23:05.000Z,libraries_io
deepseeek,0.0.8,2025-01-29T15:52:58.000Z,libraries_io
deepseekai,0.0.8,2025-01-29T16:13:10.000Z,libraries_io
googleapis-googleapis-grpc-python,1.9.3,2025-02-10T22:41:14.000Z,libraries_io
quicly,1.1.16,2025-03-14T00:27:40,libraries_io
a-b27,1.0.0,2025-03-23T02:21:33,libraries_io
taya,2.0,2025-03-23T03:38:23,libraries_io
imad213,0.1.0,2025-03-23T20:33:36.000Z,libraries_io
poppo213,1.7,2025-03-28T01:35:47,libraries_io
pydiolag6688,99.9.9,2025-04-10T04:20:16.000Z,libraries_io
s3transfer-sl,0.12.0,2025-04-23T04:20:37.000Z,libraries_io
myownpyfiglet,0.0.1,2025-05-15T03:00:33.000Z,libraries_io
rich-figlet,0.0.1,2025-05-15T03:01:41.000Z,libraries_io
ai-labs-snippets-sdk,0.1.0,2025-05-19T13:18:51.000Z,libraries_io
aliyun-ai-labs-snippets-sdk,1.0.0,2025-05-20T02:15:15.000Z,libraries_io
aliyun-ai-labs-sdk,1.0.0,2025-05-20T16:10:27.000Z,libraries_io
sklearntools,1.3.1,2025-05-21T02:23:54,pypi_api
atlasctf-21-prod-00,99.99.99,2025-06-07T06:34:47.000Z,libraries_io
atlasctf-21-prod-01,99.99.99,2025-06-07T06:34:50.000Z,libraries_io
atlasctf-21-prod-02,99.99.99,2025-06-07T06:34:54.000Z,libraries_io
atlasctf-21-prod-03,99.99.99,2025-06-07T06:34:57.000Z,libraries_io
atlasctf-21-prod-04,99.99.99,2025-06-07T06:34:59.000Z,libraries_io
browser_history_analysis,1.0.1,2025-07-01T03:56:38.000Z,libraries_io
anku2_rce,0.0.2,2025-07-16T07:40:26.000Z,libraries_io
colorinal,0.1.7,2025-07-22T10:12:28.000Z,libraries_io
binance_sdk_ebate,10.0.0,2025-08-18T19:06:22.000Z,libraries_io
python-ledgercommon,1.56.10,2025-08-21,datadog_discovery
bioql,2.1.0,2025-09-30T00:15:44,libraries_io
aiostream,0.7.1,2025-10-13T20:02:05,pypi_api
pyobf,0.1.1,2025-10-14T20:00:12,pypi_api
numpay,0.0.8,2025-11-09T13:52:34,pypi_api
hack-test,0.1,2025-11-23T15:08:34,libraries_io
hooktest1,0.1.1,2025-11-23T16:03:41.000Z,libraries_io
aiostreams,0.0.1,2025-11-24T21:34:01.000Z,libraries_io
hooktest2,0.1.1,2025-11-26T06:05:29.000Z,libraries_io
atpublic,7.0.0,2025-11-29T05:56:44,pypi_api
hooktest3,0.1.1,2025-12-02T07:20:01.000Z,libraries_io
hellospa,90.0.0,2025-12-03T09:02:20.000Z,libraries_io
helloharry123p,0.1.0,2025-12-08T21:56:00.000Z,libraries_io
helloharry123c,0.1.2,2025-12-09T19:42:46.000Z,libraries_io
async_substrate_interface_upgrade,1.5.17,2025-12-24T02:48:19.000Z,libraries_io
aiogram-sever-patch,3.3.8,2025-12-25T13:30:04.000Z,libraries_io
accesspdp,2.0.1,2025-12-31T13:36:36.000Z,libraries_io
llmboost-hub,0.3.0,2026-01-06T01:17:59,libraries_io
code_transfering_4,0.1,2026-01-20T10:04:13.000Z,libraries_io
cicd-ppe-test,1.0.0,2026-02-04T05:20:47.000Z,libraries_io
cicd-ppe-redteam-test01,1.0.0,2026-02-27T13:35:10.000Z,libraries_io
tui-ascii-art,0.1.1,2026-03-04T20:59:53,libraries_io
b10connoisseur,0.12.0,2026-03-06T20:30:08.000Z,libraries_io
license-utils-kit,0.1a0,2026-03-17T05:34:44.000Z,libraries_io
composer-dev,9.9.9,2026-03-20T05:42:11.000Z,libraries_io
cloud-datasets,9.9.9,2026-03-20T05:42:24.000Z,libraries_io
azure-eventhub-checkpointstoretable,9.9.9,2026-03-20T09:01:46.000Z,libraries_io
aiolrucache,0.1.0,2026-03-20T13:25:17.000Z,libraries_io
logutilkit,1.0.1,2026-03-23T22:11:43.000Z,libraries_io
roboat-util,2.30,2026-03-24T20:24:08.000Z,libraries_io
fluxhttp,1.0.1,2026-03-26T19:08:28.000Z,libraries_io
databaseroboat,0.0.1,2026-03-29T19:55:21.000Z,libraries_io
aiotest,1.0.2,2026-03-30T08:59:38,libraries_io
ether-account,0.13.7,2026-04-01T16:05:56.000Z,libraries_io
eht-account,0.13.7,2026-04-01T17:37:56.000Z,libraries_io
pip-doom,0.1.1,2026-04-03T05:31:43,libraries_io
databaserobooms,0.0.4,2026-04-04T22:12:31.000Z,libraries_io
databasetapes,0.0.4,2026-04-05T19:32:23.000Z,libraries_io
databaselooks,0.0.4,2026-04-07T03:56:18.000Z,libraries_io
hex2pcap,99.0.0,2026-04-11T08:14:31.000Z,libraries_io
bloxy-api,3.4.0,2026-04-12T21:36:45.000Z,libraries_io
aet-test,1.0.1,2026-04-17T17:52:33.000Z,libraries_io
